symbol,trade_type,first_message_timestamp,capital_before,capital_after,trade_amount,position_size,entry_price,entry_time,exit_price,exit_time,trade_open_price,trade_close_price,trade_open_time,trade_close_time,exit_reason,target_price,stop_price,hold_time_hours,hold_time_minutes,pnl_percent,pnl_amount,profit_target_pct,stop_loss_pct,max_hold_hours,data_points_used,total_data_points,error
IO,LONG,2024-06-11 14:49:01+00:00,2000.0,2300.0,2000.0,590.8419497784344,3.385,2024-06-11T14:50:00+00:00,3.8927499999999995,2024-06-11T15:35:00+00:00,3.385,3.8927499999999995,2024-06-11T14:50:00+00:00,2024-06-11T15:35:00+00:00,target_hit,3.8927499999999995,2.708,0.75,45.0,15.0,300.0,15.0,20.0,2.0,10.0,576.0,
GME,,2024-06-11 15:10:01+00:00,,,,,,,,,,,,,,,,,,,,,,,,,failed_to_load_data
DOP1,,2024-07-10 09:53:23+00:00,,,,,,,,,,,,,,,,,,,,,,,,,failed_to_load_data
MOCA,LONG,2024-07-12 10:53:49+00:00,2300.0,2462.46095105866,2300.0,19958.3477959042,0.11524,2024-07-12T10:55:00+00:00,0.12338,2024-07-12T12:55:00+00:00,0.11524,0.12338,2024-07-12T10:55:00+00:00,2024-07-12T12:55:00+00:00,time_limit,0.13252599999999998,0.092192,2.0,120.0,7.06,162.46,15.0,20.0,2.0,25.0,576.0,
AERO,LONG,2024-07-15 09:45:38+00:00,2462.46095105866,2424.0417200040597,2462.46095105866,3025.136303511868,0.814,2024-07-15T09:50:00+00:00,0.8013,2024-07-15T11:50:00+00:00,0.814,0.8013,2024-07-15T09:50:00+00:00,2024-07-15T11:50:00+00:00,time_limit,0.9360999999999998,0.6512,2.0,120.0,-1.56,-38.42,15.0,20.0,2.0,25.0,576.0,
PRCL,LONG,2024-07-17 10:11:30+00:00,2424.0417200040597,2310.3870166485576,2424.0417200040597,8879.27369964857,0.273,2024-07-17T10:15:00+00:00,0.2602,2024-07-17T12:15:00+00:00,0.273,0.2602,2024-07-17T10:15:00+00:00,2024-07-17T12:15:00+00:00,time_limit,0.31395,0.21840000000000004,2.0,120.0,-4.69,-113.65,15.0,20.0,2.0,25.0,576.0,
CLOUD,LONG,2024-07-19 10:14:45+00:00,2310.3870166485576,2328.8346932426853,2310.3870166485576,7379.070637651094,0.3131,2024-07-19T10:15:00+00:00,0.3156,2024-07-19T12:15:00+00:00,0.3131,0.3156,2024-07-19T10:15:00+00:00,2024-07-19T12:15:00+00:00,time_limit,0.36006499999999997,0.25048,2.0,120.0,0.8,18.45,15.0,20.0,2.0,25.0,576.0,
UXLINK,,2024-07-19 10:25:46+00:00,,,,,,,,,,,,,,,,,,,,,,,,,failed_to_load_data
BANANA,LONG,2024-07-19 11:36:52+00:00,2328.8346932426853,2322.3930687929956,2328.8346932426853,34.082669045978804,68.329,2024-07-19T11:40:00+00:00,68.14,2024-07-19T13:40:00+00:00,68.329,68.14,2024-07-19T11:40:00+00:00,2024-07-19T13:40:00+00:00,time_limit,78.57834999999999,54.663199999999996,2.0,120.0,-0.28,-6.44,15.0,20.0,2.0,25.0,576.0,
PIRATE,,2024-07-22 11:15:28+00:00,,,,,,,,,,,,,,,,,,,,,,,,,failed_to_load_data
A8,LONG,2024-07-22 12:06:33+00:00,2322.3930687929956,2377.2681792792437,2322.3930687929956,9799.126872544286,0.237,2024-07-22T12:10:00+00:00,0.2426,2024-07-22T14:10:00+00:00,0.237,0.2426,2024-07-22T12:10:00+00:00,2024-07-22T14:10:00+00:00,time_limit,0.27254999999999996,0.1896,2.0,120.0,2.36,54.88,15.0,20.0,2.0,25.0,576.0,
AVAIL,LONG,2024-07-23 15:20:13+00:00,2377.2681792792437,2402.7985273425484,2377.2681792792437,16365.607732887538,0.14526,2024-07-23T15:25:00+00:00,0.14682,2024-07-23T17:25:00+00:00,0.14526,0.14682,2024-07-23T15:25:00+00:00,2024-07-23T17:25:00+00:00,time_limit,0.16704899999999998,0.116208,2.0,120.0,1.07,25.53,15.0,20.0,2.0,25.0,576.0,
G,LONG,2024-07-25 10:40:21+00:00,2402.7985273425484,2401.4314885445156,2402.7985273425484,45567.95993443103,0.05273,2024-07-25T10:45:00+00:00,0.0527,2024-07-25T12:45:00+00:00,0.05273,0.0527,2024-07-25T10:45:00+00:00,2024-07-25T12:45:00+00:00,time_limit,0.06063949999999999,0.042184,2.0,120.0,-0.06,-1.37,15.0,20.0,2.0,25.0,576.0,
DEXE,LONG,2024-07-25 10:52:21+00:00,2401.4314885445156,2292.9308697479582,2401.4314885445156,244.3707630553084,9.827,2024-07-25T10:55:00+00:00,9.383,2024-07-25T12:55:00+00:00,9.827,9.383,2024-07-25T10:55:00+00:00,2024-07-25T12:55:00+00:00,time_limit,11.301049999999998,7.8616,2.0,120.0,-4.52,-108.5,15.0,20.0,2.0,25.0,576.0,
RENDER,LONG,2024-07-26 09:00:34+00:00,2292.9308697479582,2405.3570836197073,2292.9308697479582,352.4332723252318,6.506,2024-07-26T09:05:00+00:00,6.825,2024-07-26T11:05:00+00:00,6.506,6.825,2024-07-26T09:05:00+00:00,2024-07-26T11:05:00+00:00,time_limit,7.4818999999999996,5.2048000000000005,2.0,120.0,4.9,112.43,15.0,20.0,2.0,25.0,576.0,
L3,LONG,2024-07-31 09:53:56+00:00,2405.3570836197073,2270.290407730257,2405.3570836197073,24380.266406037983,0.09866,2024-07-31T09:55:00+00:00,0.09312,2024-07-31T11:55:00+00:00,0.09866,0.09312,2024-07-31T09:55:00+00:00,2024-07-31T11:55:00+00:00,time_limit,0.11345899999999999,0.078928,2.0,120.0,-5.62,-135.07,15.0,20.0,2.0,25.0,576.0,
MAX,,2024-08-06 10:08:01+00:00,,,,,,,,,,,,,,,,,,,,,,,,,failed_to_load_data
USDE,,2024-08-07 10:41:10+00:00,,,,,,,,,,,,,,,,,,,,,,,,,failed_to_load_data
PIXFI,,2024-08-08 09:59:08+00:00,,,,,,,,,,,,,,,,,,,,,,,,,failed_to_load_data
MOTHER,,2024-08-08 10:40:13+00:00,,,,,,,,,,,,,,,,,,,,,,,,,failed_to_load_data
NEIRO,,2024-08-15 10:01:50+00:00,,,,,,,,,,,,,,,,,,,,,,,,,failed_to_load_data
FDUSD,,2024-08-16 10:47:02+00:00,,,,,,,,,,,,,,,,,,,,,,,,,failed_to_load_data
SYS,,2024-08-20 10:26:54+00:00,,,,,,,,,,,,,,,,,,,,,,,,,failed_to_load_data
SYN,,2024-08-20 10:28:54+00:00,,,,,,,,,,,,,,,,,,,,,,,,,failed_to_load_data
VOXEL,,2024-08-21 11:27:01+00:00,,,,,,,,,,,,,,,,,,,,,,,,,failed_to_load_data
VIDT,,2024-08-26 08:53:56+00:00,,,,,,,,,,,,,,,,,,,,,,,,,failed_to_load_data
SUNDOG,LONG,2024-08-26 09:03:56+00:00,2270.290407730257,2610.8339688897954,2270.290407730257,8346.655910773003,0.272,2024-08-26T09:05:00+00:00,0.3128,2024-08-26T09:50:00+00:00,0.272,0.3128,2024-08-26T09:05:00+00:00,2024-08-26T09:50:00+00:00,target_hit,0.3128,0.21760000000000002,0.75,45.0,15.0,340.54,15.0,20.0,2.0,10.0,576.0,
DOGS,LONG,2024-08-26 13:37:45+00:00,2610.8339688897954,2870.1739040299335,2610.8339688897954,2179327.186051582,0.001198,2024-08-26T13:40:00+00:00,0.001317,2024-08-26T15:40:00+00:00,0.001198,0.001317,2024-08-26T13:40:00+00:00,2024-08-26T15:40:00+00:00,time_limit,0.0013777,0.0009584000000000001,2.0,120.0,9.93,259.34,15.0,20.0,2.0,25.0,576.0,
NULS,,2024-08-27 10:44:00+00:00,,,,,,,,,,,,,,,,,,,,,,,,,failed_to_load_data
ORDER,LONG,2024-08-27 11:02:01+00:00,2870.1739040299335,2653.0317464020627,2870.1739040299335,13919.369078709668,0.2062,2024-08-27T11:05:00+00:00,0.1906,2024-08-27T13:05:00+00:00,0.2062,0.1906,2024-08-27T11:05:00+00:00,2024-08-27T13:05:00+00:00,time_limit,0.23712999999999998,0.16496,2.0,120.0,-7.57,-217.14,15.0,20.0,2.0,25.0,576.0,
CHESS,LONG,2024-09-02 09:36:10+00:00,2653.0317464020627,2688.213601990276,2653.0317464020627,15991.752540096822,0.1659,2024-09-02T09:40:00+00:00,0.1681,2024-09-02T11:40:00+00:00,0.1659,0.1681,2024-09-02T09:40:00+00:00,2024-09-02T11:40:00+00:00,time_limit,0.19078499999999998,0.13272,2.0,120.0,1.33,35.18,15.0,20.0,2.0,25.0,576.0,
SLF,LONG,2024-09-03 09:36:07+00:00,2688.213601990276,2599.2232467621484,2688.213601990276,4405.463130105336,0.6102,2024-09-03T09:40:00+00:00,0.59,2024-09-03T11:40:00+00:00,0.6102,0.59,2024-09-03T09:40:00+00:00,2024-09-03T11:40:00+00:00,time_limit,0.7017299999999999,0.48816,2.0,120.0,-3.31,-88.99,15.0,20.0,2.0,25.0,576.0,
FLUX,LONG,2024-09-04 09:04:51+00:00,2599.2232467621484,2556.2714228218706,2599.2232467621484,4252.655835671055,0.6112,2024-09-04T09:05:00+00:00,0.6011,2024-09-04T11:05:00+00:00,0.6112,0.6011,2024-09-04T09:05:00+00:00,2024-09-04T11:05:00+00:00,time_limit,0.70288,0.48896,2.0,120.0,-1.65,-42.95,15.0,20.0,2.0,25.0,576.0,
POL,LONG,2024-09-05 09:02:43+00:00,2556.2714228218706,2541.9981710592388,2556.2714228218706,6796.786553634328,0.3761,2024-09-05T09:05:00+00:00,0.374,2024-09-05T11:05:00+00:00,0.3761,0.374,2024-09-05T09:05:00+00:00,2024-09-05T11:05:00+00:00,time_limit,0.4325149999999999,0.30088000000000004,2.0,120.0,-0.56,-14.27,15.0,20.0,2.0,25.0,576.0,
QUICK,LONG,2024-09-10 09:44:10+00:00,2541.9981710592388,2543.219991857633,2541.9981710592388,61091.03991971254,0.04161,2024-09-10T09:45:00+00:00,0.04163,2024-09-10T11:45:00+00:00,0.04161,0.04163,2024-09-10T09:45:00+00:00,2024-09-10T11:45:00+00:00,time_limit,0.0478515,0.033288000000000005,2.0,120.0,0.05,1.22,15.0,20.0,2.0,25.0,576.0,
CAT,,2024-09-13 12:13:47+00:00,,,,,,,,,,,,,,,,,,,,,,,,,failed_to_load_data
NEIROCTO,,2024-09-16 11:50:02+00:00,,,,,,,,,,,,,,,,,,,,,,,,,failed_to_load_data
ALEO,LONG,2024-09-19 09:21:46+00:00,2543.219991857633,2733.6783462419544,2543.219991857633,770.4625986420773,3.3009,2024-09-19T09:25:00+00:00,3.5481,2024-09-19T11:25:00+00:00,3.3009,3.5481,2024-09-19T09:25:00+00:00,2024-09-19T11:25:00+00:00,time_limit,3.796035,2.64072,2.0,120.0,7.49,190.46,15.0,20.0,2.0,25.0,576.0,
PRIME,LONG,2024-09-30 09:00:06+00:00,2733.6783462419544,2543.9292118111453,2733.6783462419544,258.16208766096463,10.589,2024-09-30T09:05:00+00:00,9.854,2024-09-30T11:05:00+00:00,10.589,9.854,2024-09-30T09:05:00+00:00,2024-09-30T11:05:00+00:00,time_limit,12.177349999999999,8.471200000000001,2.0,120.0,-6.94,-189.75,15.0,20.0,2.0,25.0,576.0,
MOODENG,LONG,2024-10-01 08:37:16+00:00,2543.9292118111453,2681.6593062707334,2543.9292118111453,11326.48803121614,0.2246,2024-10-01T08:40:00+00:00,0.23676,2024-10-01T10:40:00+00:00,0.2246,0.23676,2024-10-01T08:40:00+00:00,2024-10-01T10:40:00+00:00,time_limit,0.25828999999999996,0.17968,2.0,120.0,5.41,137.73,15.0,20.0,2.0,25.0,576.0,
GOMINING,,2024-10-02 08:47:26+00:00,,,,,,,,,,,,,,,,,,,,,,,,,failed_to_load_data
WHY,,2024-10-04 10:48:14+00:00,,,,,,,,,,,,,,,,,,,,,,,,,failed_to_load_data
PYR,LONG,2024-10-07 09:09:29+00:00,2681.6593062707334,2617.7421331934875,2681.6593062707334,953.9876578693467,2.811,2024-10-07T09:10:00+00:00,2.744,2024-10-07T11:10:00+00:00,2.811,2.744,2024-10-07T09:10:00+00:00,2024-10-07T11:10:00+00:00,time_limit,3.2326499999999996,2.2488,2.0,120.0,-2.38,-63.92,15.0,20.0,2.0,25.0,576.0,
KMNO,LONG,2024-10-09 10:04:57+00:00,2617.7421331934875,2633.5043600260556,2617.7421331934875,30311.974678016297,0.08636,2024-10-09T10:05:00+00:00,0.08688,2024-10-09T12:05:00+00:00,0.08636,0.08688,2024-10-09T10:05:00+00:00,2024-10-09T12:05:00+00:00,time_limit,0.099314,0.06908800000000001,2.0,120.0,0.6,15.76,15.0,20.0,2.0,25.0,576.0,
CATS,,2024-10-11 09:42:08+00:00,,,,,,,,,,,,,,,,,,,,,,,,,failed_to_load_data
PUFFER,LONG,2024-10-14 13:12:28+00:00,2633.5043600260556,3028.5300140299637,2633.5043600260556,8725.991915261946,0.3018,2024-10-14T13:15:00+00:00,0.34707,2024-10-14T13:55:00+00:00,0.3018,0.34707,2024-10-14T13:15:00+00:00,2024-10-14T13:55:00+00:00,target_hit,0.34707,0.24144000000000002,0.67,40.0,15.0,395.03,15.0,20.0,2.0,9.0,576.0,
DBR,LONG,2024-10-17 11:48:54+00:00,3028.5300140299637,3482.809516134458,3028.5300140299637,96603.82819872291,0.03135,2024-10-17T11:50:00+00:00,0.0360525,2024-10-17T13:00:00+00:00,0.03135,0.0360525,2024-10-17T11:50:00+00:00,2024-10-17T13:00:00+00:00,target_hit,0.0360525,0.025080000000000005,1.17,70.0,15.0,454.28,15.0,20.0,2.0,15.0,576.0,
DEEP,LONG,2024-10-17 12:02:54+00:00,3482.809516134458,3664.3311424070857,3482.809516134458,109350.37727266744,0.03185,2024-10-17T12:05:00+00:00,0.03351,2024-10-17T14:05:00+00:00,0.03185,0.03351,2024-10-17T12:05:00+00:00,2024-10-17T14:05:00+00:00,time_limit,0.0366275,0.025480000000000003,2.0,120.0,5.21,181.52,15.0,20.0,2.0,25.0,576.0,
HPOS10I,LONG,2024-10-20 09:35:05+00:00,3664.3311424070857,3850.30919177564,3664.3311424070857,11271.396931427516,0.3251,2024-10-21T10:00:00+00:00,0.3416,2024-10-21T12:00:00+00:00,0.3251,0.3416,2024-10-21T10:00:00+00:00,2024-10-21T12:00:00+00:00,time_limit,0.37386499999999995,0.26008000000000003,2.0,120.0,5.08,185.98,15.0,20.0,2.0,25.0,284.0,
LUMIA,LONG,2024-10-25 09:20:39+00:00,3850.30919177564,3812.8945264845343,3850.30919177564,3401.333208282368,1.132,2024-10-25T09:25:00+00:00,1.121,2024-10-25T11:25:00+00:00,1.132,1.121,2024-10-25T09:25:00+00:00,2024-10-25T11:25:00+00:00,time_limit,1.3017999999999998,0.9056,2.0,120.0,-0.97,-37.41,15.0,20.0,2.0,25.0,576.0,
X,,2024-10-25 09:22:37+00:00,,,,,,,,,,,,,,,,,,,,,,,,,failed_to_load_data
KAIA,LONG,2024-11-01 09:36:01+00:00,3812.8945264845343,3807.41229136378,3812.8945264845343,27411.175603770913,0.1391,2024-11-01T09:40:00+00:00,0.1389,2024-11-01T11:40:00+00:00,0.1391,0.1389,2024-11-01T09:40:00+00:00,2024-11-01T11:40:00+00:00,time_limit,0.159965,0.11128,2.0,120.0,-0.14,-5.48,15.0,20.0,2.0,25.0,576.0,
VIRTUAL,,2024-11-01 09:44:02+00:00,,,,,,,,,,,,,,,,,,,,,,,,,failed_to_load_data
SWELL,,2024-11-07 11:32:01+00:00,,,,,,,,,,,,,,,,,,,,,,,,,failed_to_load_data
COW,LONG,2024-11-08 10:43:59+00:00,3807.41229136378,3791.285696341868,3807.41229136378,7679.330962815207,0.4958,2024-11-08T10:45:00+00:00,0.4937,2024-11-08T12:45:00+00:00,0.4958,0.4937,2024-11-08T10:45:00+00:00,2024-11-08T12:45:00+00:00,time_limit,0.57017,0.39664000000000005,2.0,120.0,-0.42,-16.13,15.0,20.0,2.0,25.0,576.0,
PNUT,LONG,2024-11-11 07:11:29+00:00,3791.285696341868,4359.978550793148,3791.285696341868,9953.493558261664,0.3809,2024-11-11T09:00:00+00:00,0.438035,2024-11-11T09:10:00+00:00,0.3809,0.438035,2024-11-11T09:00:00+00:00,2024-11-11T09:10:00+00:00,target_hit,0.438035,0.30472000000000005,0.17,10.0,15.0,568.69,15.0,20.0,2.0,3.0,555.0,
ACT,LONG,2024-11-11 07:31:31+00:00,4359.978550793148,5013.975333412121,4359.978550793148,13276.426768554044,0.3284,2024-11-11T09:00:00+00:00,0.37766,2024-11-11T10:15:00+00:00,0.3284,0.37766,2024-11-11T09:00:00+00:00,2024-11-11T10:15:00+00:00,target_hit,0.37766,0.26272,1.25,75.0,15.0,654.0,15.0,20.0,2.0,16.0,559.0,
FWOG,LONG,2024-11-12 09:51:47+00:00,5013.975333412121,4400.375266549783,5013.975333412121,8040.88673650029,0.62356,2024-11-12T09:55:00+00:00,0.54725,2024-11-12T11:55:00+00:00,0.62356,0.54725,2024-11-12T09:55:00+00:00,2024-11-12T11:55:00+00:00,time_limit,0.7170939999999999,0.498848,2.0,120.0,-12.24,-613.6,15.0,20.0,2.0,25.0,576.0,
TROY,,2024-11-13 09:41:00+00:00,,,,,,,,,,,,,,,,,,,,,,,,,failed_to_load_data
TAI,,2024-11-14 07:02:01+00:00,,,,,,,,,,,,,,,,,,,,,,,,,failed_to_load_data
HIPPO,LONG,2024-11-14 09:58:18+00:00,4400.375266549783,4219.001485071384,4400.375266549783,206106.56986181653,0.02135,2024-11-14T10:00:00+00:00,0.02047,2024-11-14T12:00:00+00:00,0.02135,0.02047,2024-11-14T10:00:00+00:00,2024-11-14T12:00:00+00:00,time_limit,0.024552499999999998,0.01708,2.0,120.0,-4.12,-181.37,15.0,20.0,2.0,25.0,576.0,
SD,LONG,2024-11-14 09:58:18+00:00,4219.001485071384,4290.509984818357,4219.001485071384,5543.294554028885,0.7611,2024-11-14T10:00:00+00:00,0.774,2024-11-14T12:00:00+00:00,0.7611,0.774,2024-11-14T10:00:00+00:00,2024-11-14T12:00:00+00:00,time_limit,0.875265,0.6088800000000001,2.0,120.0,1.69,71.51,15.0,20.0,2.0,25.0,576.0,
PROS,,2024-11-15 10:29:41+00:00,,,,,,,,,,,,,,,,,,,,,,,,,failed_to_load_data
BAN,LONG,2024-11-18 09:09:10+00:00,4290.509984818357,4934.08648254111,4290.509984818357,16858.585402036766,0.2545,2024-11-18T09:10:00+00:00,0.29267499999999996,2024-11-18T09:30:00+00:00,0.2545,0.29267499999999996,2024-11-18T09:10:00+00:00,2024-11-18T09:30:00+00:00,target_hit,0.29267499999999996,0.2036,0.33,20.0,15.0,643.58,15.0,20.0,2.0,5.0,576.0,
RIFSOL,,2024-11-18 10:43:21+00:00,,,,,,,,,,,,,,,,,,,,,,,,,failed_to_load_data
PEAQ,LONG,2024-11-19 09:50:29+00:00,4934.08648254111,4764.007960590664,4934.08648254111,18093.459781962265,0.2727,2024-11-19T09:55:00+00:00,0.2633,2024-11-19T11:55:00+00:00,0.2727,0.2633,2024-11-19T09:55:00+00:00,2024-11-19T11:55:00+00:00,time_limit,0.31360499999999997,0.21816000000000002,2.0,120.0,-3.45,-170.08,15.0,20.0,2.0,25.0,576.0,
LUCE,,2024-11-19 09:55:02+00:00,,,,,,,,,,,,,,,,,,,,,,,,,failed_to_load_data
OL,LONG,2024-11-21 10:26:54+00:00,4764.007960590664,4775.570007353976,4764.007960590664,44469.41062812157,0.10713,2024-11-21T10:30:00+00:00,0.10739,2024-11-21T12:30:00+00:00,0.10713,0.10739,2024-11-21T10:30:00+00:00,2024-11-21T12:30:00+00:00,time_limit,0.12319949999999999,0.085704,2.0,120.0,0.24,11.56,15.0,20.0,2.0,25.0,576.0,
CHILLGUY,LONG,2024-11-21 10:28:54+00:00,4775.570007353976,4014.23035530267,4775.570007353976,11659.106463266542,0.4096,2024-11-21T10:30:00+00:00,0.3443,2024-11-21T12:30:00+00:00,0.4096,0.3443,2024-11-21T10:30:00+00:00,2024-11-21T12:30:00+00:00,time_limit,0.47103999999999996,0.32768,2.0,120.0,-15.94,-761.34,15.0,20.0,2.0,25.0,576.0,
MORPHO,LONG,2024-11-22 09:11:06+00:00,4014.23035530267,3943.45228495499,4014.23035530267,3592.7954491208,1.1173,2024-11-22T09:15:00+00:00,1.0976,2024-11-22T11:15:00+00:00,1.1173,1.0976,2024-11-22T09:15:00+00:00,2024-11-22T11:15:00+00:00,time_limit,1.284895,0.89384,2.0,120.0,-1.76,-70.78,15.0,20.0,2.0,25.0,576.0,
ZRC,,2024-11-25 10:47:09+00:00,,,,,,,,,,,,,,,,,,,,,,,,,failed_to_load_data
CHEEMS,,2024-11-25 11:22:11+00:00,,,,,,,,,,,,,,,,,,,,,,,,,failed_to_load_data
THE,,2024-11-27 09:39:44+00:00,,,,,,,,,,,,,,,,,,,,,,,,,failed_to_load_data
BILLY,,2024-11-27 09:42:30+00:00,,,,,,,,,,,,,,,,,,,,,,,,,failed_to_load_data
MVL,LONG,2024-11-29 08:50:10+00:00,3943.45228495499,3693.035006878628,3943.45228495499,619844.7477137677,0.006362,2024-11-29T08:55:00+00:00,0.005958,2024-11-29T10:55:00+00:00,0.006362,0.005958,2024-11-29T08:55:00+00:00,2024-11-29T10:55:00+00:00,time_limit,0.007316299999999999,0.0050896,2.0,120.0,-6.35,-250.42,15.0,20.0,2.0,25.0,576.0,
COOK,LONG,2024-12-02 09:20:03+00:00,3693.035006878628,4246.990257910422,3693.035006878628,148852.68064807047,0.02481,2024-12-02T09:25:00+00:00,0.028531499999999998,2024-12-02T09:55:00+00:00,0.02481,0.028531499999999998,2024-12-02T09:25:00+00:00,2024-12-02T09:55:00+00:00,target_hit,0.028531499999999998,0.019848,0.5,30.0,15.0,553.96,15.0,20.0,2.0,7.0,576.0,
GEMS,,2024-12-04 10:36:12+00:00,,,,,,,,,,,,,,,,,,,,,,,,,failed_to_load_data
TOSHI,,2024-12-05 10:10:04+00:00,,,,,,,,,,,,,,,,,,,,,,,,,failed_to_load_data
XION,,2024-12-05 10:50:05+00:00,,,,,,,,,,,,,,,,,,,,,,,,,failed_to_load_data
F,LONG,2024-12-06 10:41:04+00:00,4246.990257910422,3397.592206328338,4246.990257910422,41551.61195490091,0.10221,2024-12-06T10:45:00+00:00,0.08176800000000001,2024-12-06T12:05:00+00:00,0.10221,0.08176800000000001,2024-12-06T10:45:00+00:00,2024-12-06T12:05:00+00:00,stop_loss_hit,0.11754149999999998,0.08176800000000001,1.33,80.0,-20.0,-849.4,15.0,20.0,2.0,17.0,576.0,
ACX,LONG,2024-12-06 10:43:06+00:00,3397.592206328338,2972.8931805372954,3397.592206328338,2400.7859004581246,1.4152,2024-12-06T10:45:00+00:00,1.2383,2024-12-06T12:45:00+00:00,1.4152,1.2383,2024-12-06T10:45:00+00:00,2024-12-06T12:45:00+00:00,time_limit,1.6274799999999998,1.13216,2.0,120.0,-12.5,-424.7,15.0,20.0,2.0,25.0,576.0,
MOVE,LONG,2024-12-09 12:31:04+00:00,2972.8931805372954,2915.3812106447194,2972.8931805372954,4324.208262599703,0.6875,2024-12-09T12:35:00+00:00,0.6742,2024-12-09T14:35:00+00:00,0.6875,0.6742,2024-12-09T12:35:00+00:00,2024-12-09T14:35:00+00:00,time_limit,0.7906249999999999,0.55,2.0,120.0,-1.93,-57.51,15.0,20.0,2.0,25.0,576.0,
GIGA,LONG,2024-12-12 09:51:27+00:00,2915.3812106447194,2930.8352371194833,2915.3812106447194,41767.63912098452,0.0698,2024-12-12T09:55:00+00:00,0.07017,2024-12-12T11:55:00+00:00,0.0698,0.07017,2024-12-12T09:55:00+00:00,2024-12-12T11:55:00+00:00,time_limit,0.08027,0.05584,2.0,120.0,0.53,15.45,15.0,20.0,2.0,25.0,576.0,
URO,,2024-12-13 10:13:05+00:00,,,,,,,,,,,,,,,,,,,,,,,,,failed_to_load_data
VELODROME,,2024-12-13 10:14:26+00:00,,,,,,,,,,,,,,,,,,,,,,,,,failed_to_load_data
SEND,LONG,2024-12-13 10:16:09+00:00,2930.8352371194833,3111.335528340829,2930.8352371194833,1092.6167749476153,2.6824,2024-12-13T10:20:00+00:00,2.8476,2024-12-13T12:20:00+00:00,2.6824,2.8476,2024-12-13T10:20:00+00:00,2024-12-13T12:20:00+00:00,time_limit,3.0847599999999997,2.14592,2.0,120.0,6.16,180.5,15.0,20.0,2.0,25.0,576.0,
AVA,LONG,2024-12-16 10:40:05+00:00,3111.335528340829,2670.7412508592615,3111.335528340829,1345.326038111657,2.3127,2024-12-16T10:45:00+00:00,1.9852,2024-12-16T12:45:00+00:00,2.3127,1.9852,2024-12-16T10:45:00+00:00,2024-12-16T12:45:00+00:00,time_limit,2.6596049999999996,1.85016,2.0,120.0,-14.16,-440.59,15.0,20.0,2.0,25.0,576.0,
VANA,,2024-12-16 12:10:06+00:00,,,,,,,,,,,,,,,,,,,,,,,,,failed_to_load_data
PENGU,LONG,2024-12-17 14:52:04+00:00,2670.7412508592615,2136.5930006874096,2670.7412508592615,66403.31304970814,0.04022,2024-12-17T14:55:00+00:00,0.032176,2024-12-17T16:45:00+00:00,0.04022,0.032176,2024-12-17T14:55:00+00:00,2024-12-17T16:45:00+00:00,stop_loss_hit,0.046252999999999996,0.032176,1.83,110.0,-20.0,-534.15,15.0,20.0,2.0,23.0,576.0,
BLUE,,2024-12-18 09:07:04+00:00,,,,,,,,,,,,,,,,,,,,,,,,,failed_to_load_data
AIXBT,LONG,2024-12-20 09:07:07+00:00,2136.5930006874096,2043.580998983144,2136.5930006874096,8943.461702333234,0.2389,2024-12-20T09:10:00+00:00,0.2285,2024-12-20T11:10:00+00:00,0.2389,0.2285,2024-12-20T09:10:00+00:00,2024-12-20T11:10:00+00:00,time_limit,0.274735,0.19112,2.0,120.0,-4.35,-93.01,15.0,20.0,2.0,25.0,576.0,
NS,LONG,2024-12-20 09:08:09+00:00,2043.580998983144,1912.3881447274357,2043.580998983144,10091.758019669845,0.2025,2024-12-20T09:10:00+00:00,0.1895,2024-12-20T11:10:00+00:00,0.2025,0.1895,2024-12-20T09:10:00+00:00,2024-12-20T11:10:00+00:00,time_limit,0.232875,0.16200000000000003,2.0,120.0,-6.42,-131.19,15.0,20.0,2.0,25.0,576.0,
GRIFFAIN,LONG,2024-12-20 09:09:11+00:00,1912.3881447274357,1952.4304375733213,1912.3881447274357,11343.425735378349,0.16859,2024-12-20T09:10:00+00:00,0.17212,2024-12-20T11:10:00+00:00,0.16859,0.17212,2024-12-20T09:10:00+00:00,2024-12-20T11:10:00+00:00,time_limit,0.19387849999999998,0.134872,2.0,120.0,2.09,40.04,15.0,20.0,2.0,25.0,576.0,
FARTCOIN,LONG,2024-12-20 09:24:25+00:00,1952.4304375733213,1945.5150995417746,1952.4304375733213,1920.9272309851647,1.0164,2024-12-20T09:25:00+00:00,1.0128,2024-12-20T11:25:00+00:00,1.0164,1.0128,2024-12-20T09:25:00+00:00,2024-12-20T11:25:00+00:00,time_limit,1.1688599999999998,0.8131200000000001,2.0,120.0,-0.35,-6.92,15.0,20.0,2.0,25.0,576.0,
ZENT,,2024-12-23 09:37:51+00:00,,,,,,,,,,,,,,,,,,,,,,,,,failed_to_load_data
HIVE,LONG,2024-12-23 11:01:55+00:00,1945.5150995417746,1903.5332112970875,1945.5150995417746,5314.16306894776,0.3661,2024-12-23T11:05:00+00:00,0.3582,2024-12-23T13:05:00+00:00,0.3661,0.3582,2024-12-23T11:05:00+00:00,2024-12-23T13:05:00+00:00,time_limit,0.421015,0.29288,2.0,120.0,-2.16,-41.98,15.0,20.0,2.0,25.0,576.0,
SOLO,LONG,2024-12-25 09:02:01+00:00,1903.5332112970875,2189.063192991651,1903.5332112970875,4815.414144439887,0.3953,2024-12-26T10:00:00+00:00,0.45459499999999997,2024-12-26T10:35:00+00:00,0.3953,0.45459499999999997,2024-12-26T10:00:00+00:00,2024-12-26T10:35:00+00:00,target_hit,0.45459499999999997,0.31624,0.58,35.0,15.0,285.53,15.0,20.0,2.0,8.0,277.0,
AI16Z,LONG,2024-12-30 08:30:44+00:00,2189.063192991651,2138.741810131741,2189.063192991651,1660.771711548176,1.3181,2024-12-30T08:35:00+00:00,1.2878,2024-12-30T10:35:00+00:00,1.3181,1.2878,2024-12-30T08:35:00+00:00,2024-12-30T10:35:00+00:00,time_limit,1.515815,1.05448,2.0,120.0,-2.3,-50.32,15.0,20.0,2.0,25.0,576.0,
ZEREBRO,,2024-12-30 08:31:44+00:00,,,,,,,,,,,,,,,,,,,,,,,,,failed_to_load_data
FUEL,LONG,2024-12-31 13:13:19+00:00,2138.741810131741,2080.1012900766327,2138.741810131741,29766.761449293546,0.07185,2024-12-31T13:15:00+00:00,0.06988,2024-12-31T15:15:00+00:00,0.07185,0.06988,2024-12-31T13:15:00+00:00,2024-12-31T15:15:00+00:00,time_limit,0.08262749999999999,0.05748,2.0,120.0,-2.74,-58.64,15.0,20.0,2.0,25.0,576.0,
ARC,LONG,2025-01-03 09:09:05+00:00,2080.1012900766327,2208.714105262743,2080.1012900766327,6298.374886685135,0.33026,2025-01-03T09:10:00+00:00,0.35068,2025-01-03T11:10:00+00:00,0.33026,0.35068,2025-01-03T09:10:00+00:00,2025-01-03T11:10:00+00:00,time_limit,0.37979899999999994,0.264208,2.0,120.0,6.18,128.61,15.0,20.0,2.0,25.0,576.0,
SWARMS,LONG,2025-01-06 09:01:54+00:00,2208.714105262743,2228.3451170970225,2208.714105262743,6436.3973227146025,0.34316,2025-01-06T09:05:00+00:00,0.34621,2025-01-06T11:05:00+00:00,0.34316,0.34621,2025-01-06T09:05:00+00:00,2025-01-06T11:05:00+00:00,time_limit,0.394634,0.27452800000000005,2.0,120.0,0.89,19.63,15.0,20.0,2.0,25.0,576.0,
COOKIE,LONG,2025-01-07 08:03:00+00:00,2228.3451170970225,2562.5968846615756,2228.3451170970225,4065.581311981431,0.5481,2025-01-07T08:05:00+00:00,0.630315,2025-01-07T08:55:00+00:00,0.5481,0.630315,2025-01-07T08:05:00+00:00,2025-01-07T08:55:00+00:00,target_hit,0.630315,0.43848000000000004,0.83,50.0,15.0,334.25,15.0,20.0,2.0,11.0,576.0,
ALCH,LONG,2025-01-07 08:05:00+00:00,2562.5968846615756,2946.9864173608116,2562.5968846615756,15033.420653886986,0.17046,2025-01-07T08:05:00+00:00,0.19602899999999998,2025-01-07T08:55:00+00:00,0.17046,0.19602899999999998,2025-01-07T08:05:00+00:00,2025-01-07T08:55:00+00:00,target_hit,0.19602899999999998,0.13636800000000002,0.83,50.0,15.0,384.39,15.0,20.0,2.0,11.0,577.0,
SONIC,LONG,2025-01-07 12:55:14+00:00,2946.9864173608116,3389.034379964933,2946.9864173608116,3675.004885098905,0.8019,2025-01-07T13:00:00+00:00,0.9221849999999999,2025-01-07T13:15:00+00:00,0.8019,0.9221849999999999,2025-01-07T13:00:00+00:00,2025-01-07T13:15:00+00:00,target_hit,0.9221849999999999,0.64152,0.25,15.0,15.0,442.05,15.0,20.0,2.0,4.0,576.0,
AVAAI,LONG,2025-01-08 08:01:08+00:00,3389.034379964933,3897.389536959673,3389.034379964933,18486.986580650955,0.18332,2025-01-08T10:00:00+00:00,0.210818,2025-01-08T10:05:00+00:00,0.18332,0.210818,2025-01-08T10:00:00+00:00,2025-01-08T10:05:00+00:00,target_hit,0.210818,0.146656,0.08,5.0,15.0,508.36,15.0,20.0,2.0,2.0,553.0,
REX,LONG,2025-01-09 08:02:19+00:00,3897.389536959673,4481.997967503624,3897.389536959673,91124.37542575807,0.04277,2025-01-09T10:00:00+00:00,0.0491855,2025-01-09T10:05:00+00:00,0.04277,0.0491855,2025-01-09T10:00:00+00:00,2025-01-09T10:05:00+00:00,target_hit,0.0491855,0.034216,0.08,5.0,15.0,584.61,15.0,20.0,2.0,2.0,553.0,
FLOCK,LONG,2025-01-09 08:02:19+00:00,4481.997967503624,4741.263429989452,4481.997967503624,14324.058700874477,0.3129,2025-01-09T10:00:00+00:00,0.331,2025-01-09T12:00:00+00:00,0.3129,0.331,2025-01-09T10:00:00+00:00,2025-01-09T12:00:00+00:00,time_limit,0.35983499999999996,0.25032000000000004,2.0,120.0,5.78,259.27,15.0,20.0,2.0,25.0,553.0,
CGPT,LONG,2025-01-10 11:04:35+00:00,4741.263429989452,5452.452944487869,4741.263429989452,14162.325796013654,0.33478,2025-01-10T11:05:00+00:00,0.384997,2025-01-10T13:05:00+00:00,0.33478,0.384997,2025-01-10T11:05:00+00:00,2025-01-10T13:05:00+00:00,target_hit,0.384997,0.267824,2.0,120.0,15.0,711.19,15.0,20.0,2.0,25.0,576.0,
ALU,LONG,2025-01-14 08:02:04+00:00,5452.452944487869,5405.098264385845,5452.452944487869,35077.54081631413,0.15544,2025-01-14T10:00:00+00:00,0.15409,2025-01-14T12:00:00+00:00,0.15544,0.15409,2025-01-14T10:00:00+00:00,2025-01-14T12:00:00+00:00,time_limit,0.17875599999999997,0.124352,2.0,120.0,-0.87,-47.35,15.0,20.0,2.0,25.0,553.0,
S,LONG,2025-01-15 09:04:58+00:00,5405.098264385845,5358.071446176164,5405.098264385845,7464.574318997163,0.7241,2025-01-15T09:10:00+00:00,0.7178,2025-01-15T11:10:00+00:00,0.7241,0.7178,2025-01-15T09:10:00+00:00,2025-01-15T11:10:00+00:00,time_limit,0.8327149999999999,0.57928,2.0,120.0,-0.87,-47.03,15.0,20.0,2.0,25.0,575.0,
VR,,2025-01-16 09:56:38+00:00,,,,,,,,,,,,,,,,,,,,,,,,,failed_to_load_data
DUCK,LONG,2025-01-16 10:38:28+00:00,5358.071446176164,6161.782163102587,5358.071446176164,438718.69697667763,0.012213,2025-01-16T10:45:00+00:00,0.014044949999999999,2025-01-16T11:05:00+00:00,0.012213,0.014044949999999999,2025-01-16T10:45:00+00:00,2025-01-16T11:05:00+00:00,target_hit,0.014044949999999999,0.0097704,0.33,20.0,15.0,803.71,15.0,20.0,2.0,5.0,575.0,
W,,2025-01-17 08:00:01+00:00,,,,,,,,,,,,,,,,,,,,,,,,,failed_to_load_data
PIPPIN,LONG,2025-01-17 09:37:28+00:00,6161.782163102587,5745.643249552725,6161.782163102587,34026.076332777004,0.18109,2025-01-17T09:40:00+00:00,0.16886,2025-01-17T11:40:00+00:00,0.18109,0.16886,2025-01-17T09:40:00+00:00,2025-01-17T11:40:00+00:00,time_limit,0.20825349999999998,0.144872,2.0,120.0,-6.75,-416.14,15.0,20.0,2.0,25.0,576.0,
SOLV,LONG,2025-01-17 10:32:19+00:00,5745.643249552725,5808.053228831238,5745.643249552725,39251.55929466269,0.14638,2025-01-17T10:35:00+00:00,0.14797,2025-01-17T12:35:00+00:00,0.14638,0.14797,2025-01-17T10:35:00+00:00,2025-01-17T12:35:00+00:00,time_limit,0.168337,0.11710400000000001,2.0,120.0,1.09,62.41,15.0,20.0,2.0,25.0,576.0,
NC,LONG,2025-01-17 10:40:04+00:00,5808.053228831238,6679.261213155923,5808.053228831238,28341.64460465153,0.20493,2025-01-17T10:45:00+00:00,0.23566949999999998,2025-01-17T11:10:00+00:00,0.20493,0.23566949999999998,2025-01-17T10:45:00+00:00,2025-01-17T11:10:00+00:00,target_hit,0.23566949999999998,0.163944,0.42,25.0,15.0,871.21,15.0,20.0,2.0,6.0,576.0,
TRUMP,,2025-01-18 13:27:44+00:00,,,,,,,,,,,,,,,,,,,,,,,,,failed_to_load_data
MELANIA,LONG,2025-01-20 05:22:08+00:00,6679.261213155923,7681.15039512931,6679.261213155923,619.7699928696227,10.777,2025-01-20T05:25:00+00:00,12.393549999999998,2025-01-20T06:45:00+00:00,10.777,12.393549999999998,2025-01-20T05:25:00+00:00,2025-01-20T06:45:00+00:00,target_hit,12.393549999999998,8.621599999999999,1.33,80.0,15.0,1001.89,15.0,20.0,2.0,17.0,576.0,
WAXP,,2025-01-22 09:00:02+00:00,,,,,,,,,,,,,,,,,,,,,,,,,failed_to_load_data
BUZZ,,2025-01-22 09:58:37+00:00,,,,,,,,,,,,,,,,,,,,,,,,,failed_to_load_data
J,LONG,2025-01-22 12:03:55+00:00,7681.15039512931,7045.389263854499,7681.15039512931,11559.293295905658,0.6645,2025-01-22T12:05:00+00:00,0.6095,2025-01-22T14:05:00+00:00,0.6645,0.6095,2025-01-22T12:05:00+00:00,2025-01-22T14:05:00+00:00,time_limit,0.7641749999999999,0.5316,2.0,120.0,-8.28,-635.76,15.0,20.0,2.0,25.0,576.0,
VINE,,2025-01-23 11:52:59+00:00,,,,,,,,,,,,,,,,,,,,,,,,,failed_to_load_data
ANIME,LONG,2025-01-23 14:28:08+00:00,7045.389263854499,5994.115772076109,7045.389263854499,71418.03612624935,0.09865,2025-01-23T14:30:00+00:00,0.08393,2025-01-23T16:30:00+00:00,0.09865,0.08393,2025-01-23T14:30:00+00:00,2025-01-23T16:30:00+00:00,time_limit,0.11344749999999999,0.07892,2.0,120.0,-14.92,-1051.27,15.0,20.0,2.0,25.0,576.0,
PLUME,LONG,2025-01-24 09:24:35+00:00,5994.115772076109,5494.00157414873,5994.115772076109,45341.26907773154,0.1322,2025-01-24T09:25:00+00:00,0.12117,2025-01-24T11:25:00+00:00,0.1322,0.12117,2025-01-24T09:25:00+00:00,2025-01-24T11:25:00+00:00,time_limit,0.15203,0.10576000000000002,2.0,120.0,-8.34,-500.11,15.0,20.0,2.0,25.0,576.0,
MICHI,LONG,2025-01-26 09:31:55+00:00,5494.00157414873,5587.028692784633,5494.00157414873,60017.49589413076,0.09154,2025-01-27T10:00:00+00:00,0.09309,2025-01-27T12:00:00+00:00,0.09154,0.09309,2025-01-27T10:00:00+00:00,2025-01-27T12:00:00+00:00,time_limit,0.10527099999999999,0.073232,2.0,120.0,1.69,93.03,15.0,20.0,2.0,25.0,283.0,
VVV,,2025-01-28 04:49:58+00:00,,,,,,,,,,,,,,,,,,,,,,,,,failed_to_load_data
BERA,LONG,2025-02-05 12:51:42+00:00,5587.028692784633,6425.082996702327,5587.028692784633,483.47427248049786,11.556,2025-02-06T13:35:00+00:00,13.289399999999999,2025-02-06T14:05:00+00:00,11.556,13.289399999999999,2025-02-06T13:35:00+00:00,2025-02-06T14:05:00+00:00,target_hit,13.289399999999999,9.2448,0.5,30.0,15.0,838.05,15.0,20.0,2.0,7.0,576.0,
TSTBSC,,2025-02-09 11:37:29+00:00,,,,,,,,,,,,,,,,,,,,,,,,,failed_to_load_data
ELON,,2025-02-10 09:49:08+00:00,,,,,,,,,,,,,,,,,,,,,,,,,failed_to_load_data
XDC,,2025-02-10 10:01:23+00:00,,,,,,,,,,,,,,,,,,,,,,,,,failed_to_load_data
SOLAYER,LONG,2025-02-11 14:22:19+00:00,6425.082996702327,5140.066397361862,6425.082996702327,6292.931436535091,1.021,2025-02-11T14:50:00+00:00,0.8168,2025-02-11T15:20:00+00:00,1.021,0.8168,2025-02-11T14:50:00+00:00,2025-02-11T15:20:00+00:00,stop_loss_hit,1.1741499999999998,0.8168,0.5,30.0,-20.0,-1285.02,15.0,20.0,2.0,7.0,571.0,
B3,LONG,2025-02-12 10:33:27+00:00,5140.066397361862,4112.05311788949,5140.066397361862,427519.45415968244,0.012023,2025-02-12T10:35:00+00:00,0.009618400000000001,2025-02-12T10:55:00+00:00,0.012023,0.009618400000000001,2025-02-12T10:35:00+00:00,2025-02-12T10:55:00+00:00,stop_loss_hit,0.01382645,0.009618400000000001,0.33,20.0,-20.0,-1028.01,15.0,20.0,2.0,5.0,576.0,
RONIN,LONG,2025-02-13 07:37:49+00:00,4112.05311788949,4121.77586884088,4112.05311788949,3352.6727418585324,1.2265,2025-02-13T07:40:00+00:00,1.2294,2025-02-13T09:40:00+00:00,1.2265,1.2294,2025-02-13T07:40:00+00:00,2025-02-13T09:40:00+00:00,time_limit,1.4104749999999997,0.9812,2.0,120.0,0.24,9.72,15.0,20.0,2.0,25.0,576.0,
IP,LONG,2025-02-13 09:35:25+00:00,4121.77586884088,3297.4206950727043,4121.77586884088,1696.204061251391,2.43,2025-02-13T09:40:00+00:00,1.9440000000000002,2025-02-13T10:00:00+00:00,2.43,1.9440000000000002,2025-02-13T09:40:00+00:00,2025-02-13T10:00:00+00:00,stop_loss_hit,2.7944999999999998,1.9440000000000002,0.33,20.0,-20.0,-824.36,15.0,20.0,2.0,5.0,576.0,
HEI,LONG,2025-02-14 09:53:44+00:00,3297.4206950727043,3228.148883546856,3297.4206950727043,4123.322114633868,0.7997,2025-02-14T09:55:00+00:00,0.7829,2025-02-14T11:55:00+00:00,0.7997,0.7829,2025-02-14T09:55:00+00:00,2025-02-14T11:55:00+00:00,time_limit,0.9196549999999999,0.63976,2.0,120.0,-2.1,-69.27,15.0,20.0,2.0,25.0,576.0,
JAILSTOOL,,2025-02-14 10:28:20+00:00,,,,,,,,,,,,,,,,,,,,,,,,,failed_to_load_data
BROCCOLI,LONG,2025-02-14 12:29:59+00:00,3228.148883546856,3712.3712160788837,3228.148883546856,20919.894261855068,0.15431,2025-02-14T12:35:00+00:00,0.1774565,2025-02-14T12:40:00+00:00,0.15431,0.1774565,2025-02-14T12:35:00+00:00,2025-02-14T12:40:00+00:00,target_hit,0.1774565,0.123448,0.08,5.0,15.0,484.22,15.0,20.0,2.0,2.0,575.0,
SHELL,LONG,2025-02-17 08:24:19+00:00,3712.3712160788837,3265.4350827076996,3712.3712160788837,6366.6115864841095,0.5831,2025-02-17T08:30:00+00:00,0.5129,2025-02-17T10:30:00+00:00,0.5831,0.5129,2025-02-17T08:30:00+00:00,2025-02-17T10:30:00+00:00,time_limit,0.6705649999999999,0.46648,2.0,120.0,-12.04,-446.94,15.0,20.0,2.0,25.0,575.0,
GPS,LONG,2025-02-18 08:29:30+00:00,3265.4350827076996,3418.652808617922,3265.4350827076996,28321.20626806331,0.1153,2025-02-18T08:35:00+00:00,0.12071,2025-02-18T10:35:00+00:00,0.1153,0.12071,2025-02-18T08:35:00+00:00,2025-02-18T10:35:00+00:00,time_limit,0.132595,0.09224,2.0,120.0,4.69,153.22,15.0,20.0,2.0,25.0,575.0,
AVL,LONG,2025-02-20 10:57:00+00:00,3418.652808617922,3931.45072991061,3418.652808617922,11092.319301161331,0.3082,2025-02-20T11:00:00+00:00,0.35442999999999997,2025-02-20T12:25:00+00:00,0.3082,0.35442999999999997,2025-02-20T11:00:00+00:00,2025-02-20T12:25:00+00:00,target_hit,0.35442999999999997,0.24656,1.42,85.0,15.0,512.8,15.0,20.0,2.0,18.0,576.0,
KAITO,LONG,2025-02-20 13:35:09+00:00,3931.45072991061,3145.160583928488,3931.45072991061,3568.8550562006267,1.1016,2025-02-20T13:40:00+00:00,0.88128,2025-02-20T14:35:00+00:00,1.1016,0.88128,2025-02-20T13:40:00+00:00,2025-02-20T14:35:00+00:00,stop_loss_hit,1.2668399999999997,0.88128,0.92,55.0,-20.0,-786.29,15.0,20.0,2.0,12.0,576.0,
CPOOL,LONG,2025-03-06 10:26:08+00:00,3145.160583928488,2989.9764441575735,3145.160583928488,17878.357116464802,0.17592,2025-03-06T10:30:00+00:00,0.16724,2025-03-06T12:30:00+00:00,0.17592,0.16724,2025-03-06T10:30:00+00:00,2025-03-06T12:30:00+00:00,time_limit,0.202308,0.140736,2.0,120.0,-4.93,-155.18,15.0,20.0,2.0,25.0,576.0,
XTER,,2025-03-06 10:36:49+00:00,,,,,,,,,,,,,,,,,,,,,,,,,failed_to_load_data
RED,LONG,2025-03-06 13:35:25+00:00,2989.9764441575735,3438.4729107812095,2989.9764441575735,4182.370183462825,0.7149,2025-03-06T13:40:00+00:00,0.822135,2025-03-06T14:55:00+00:00,0.7149,0.822135,2025-03-06T13:40:00+00:00,2025-03-06T14:55:00+00:00,target_hit,0.822135,0.57192,1.25,75.0,15.0,448.5,15.0,20.0,2.0,16.0,576.0,
ROAM,LONG,2025-03-07 07:30:30+00:00,3438.4729107812095,3297.022755147195,3438.4729107812095,9493.299035839893,0.3622,2025-03-07T10:00:00+00:00,0.3473,2025-03-07T12:00:00+00:00,0.3622,0.3473,2025-03-07T10:00:00+00:00,2025-03-07T12:00:00+00:00,time_limit,0.41653,0.28976,2.0,120.0,-4.11,-141.45,15.0,20.0,2.0,25.0,547.0,
SERAPH,LONG,2025-03-11 08:25:47+00:00,3297.022755147195,3150.291862137136,3297.022755147195,22678.654251941083,0.14538,2025-03-11T08:30:00+00:00,0.13891,2025-03-11T10:30:00+00:00,0.14538,0.13891,2025-03-11T08:30:00+00:00,2025-03-11T10:30:00+00:00,time_limit,0.167187,0.11630400000000002,2.0,120.0,-4.45,-146.73,15.0,20.0,2.0,25.0,576.0,
ELX,LONG,2025-03-12 07:02:01+00:00,3150.291862137136,3204.2454810890563,3150.291862137136,5994.8465502133895,0.5255,2025-03-12T10:00:00+00:00,0.5345,2025-03-12T12:00:00+00:00,0.5255,0.5345,2025-03-12T10:00:00+00:00,2025-03-12T12:00:00+00:00,time_limit,0.6043249999999999,0.4204,2.0,120.0,1.71,53.95,15.0,20.0,2.0,25.0,541.0,
BMT,LONG,2025-03-13 08:40:18+00:00,3204.2454810890563,3282.7450701538055,3204.2454810890563,38480.19071801437,0.08327,2025-03-13T08:50:00+00:00,0.08531,2025-03-13T10:50:00+00:00,0.08327,0.08531,2025-03-13T08:50:00+00:00,2025-03-13T10:50:00+00:00,time_limit,0.09576049999999998,0.066616,2.0,120.0,2.45,78.5,15.0,20.0,2.0,25.0,575.0,
VIC,,2025-03-13 08:55:59+00:00,,,,,,,,,,,,,,,,,,,,,,,,,failed_to_load_data
EPIC,LONG,2025-03-14 08:25:47+00:00,3282.7450701538055,3326.3069476939727,3282.7450701538055,2167.2575890630524,1.5147,2025-03-14T08:30:00+00:00,1.5348,2025-03-14T10:30:00+00:00,1.5147,1.5348,2025-03-14T08:30:00+00:00,2025-03-14T10:30:00+00:00,time_limit,1.7419049999999998,1.21176,2.0,120.0,1.33,43.56,15.0,20.0,2.0,25.0,576.0,
MUBARAK,LONG,2025-03-17 07:59:49+00:00,3326.3069476939727,3418.674441464944,3326.3069476939727,26929.29847550172,0.12352,2025-03-17T08:05:00+00:00,0.12695,2025-03-17T10:05:00+00:00,0.12352,0.12695,2025-03-17T08:05:00+00:00,2025-03-17T10:05:00+00:00,time_limit,0.142048,0.09881600000000001,2.0,120.0,2.78,92.37,15.0,20.0,2.0,25.0,575.0,
FORM,LONG,2025-03-19 10:03:48+00:00,3418.674441464944,2865.3460033701567,3418.674441464944,1834.6433623832477,1.8634,2025-03-19T10:05:00+00:00,1.5618,2025-03-19T12:05:00+00:00,1.8634,1.5618,2025-03-19T10:05:00+00:00,2025-03-19T12:05:00+00:00,time_limit,2.1429099999999996,1.49072,2.0,120.0,-16.19,-553.33,15.0,20.0,2.0,25.0,576.0,
TUT,,2025-03-19 10:05:45+00:00,,,,,,,,,,,,,,,,,,,,,,,,,failed_to_load_data
BR,LONG,2025-03-20 13:32:48+00:00,2865.3460033701567,3295.1479038756797,2865.3460033701567,19193.15428608853,0.14929,2025-03-20T13:35:00+00:00,0.1716835,2025-03-20T13:50:00+00:00,0.14929,0.1716835,2025-03-20T13:35:00+00:00,2025-03-20T13:50:00+00:00,target_hit,0.1716835,0.11943200000000001,0.25,15.0,15.0,429.8,15.0,20.0,2.0,4.0,576.0,
SIREN,LONG,2025-03-22 03:25:38+00:00,3295.1479038756797,3510.4636064448932,3295.1479038756797,38935.931748501476,0.08463,2025-03-22T03:30:00+00:00,0.09016,2025-03-22T05:30:00+00:00,0.08463,0.09016,2025-03-22T03:30:00+00:00,2025-03-22T05:30:00+00:00,time_limit,0.0973245,0.067704,2.0,120.0,6.53,215.32,15.0,20.0,2.0,25.0,576.0,
NIL,LONG,2025-03-24 13:32:34+00:00,3510.4636064448932,3232.116085815675,3510.4636064448932,4322.1664693978,0.8122,2025-03-24T13:35:00+00:00,0.7478,2025-03-24T15:35:00+00:00,0.8122,0.7478,2025-03-24T13:35:00+00:00,2025-03-24T15:35:00+00:00,time_limit,0.9340299999999999,0.6497600000000001,2.0,120.0,-7.93,-278.35,15.0,20.0,2.0,25.0,576.0,
PARTI,LONG,2025-03-25 13:18:28+00:00,3232.116085815675,3716.933498688026,3232.116085815675,9697.31798924595,0.3333,2025-03-25T13:20:00+00:00,0.38329499999999994,2025-03-25T13:50:00+00:00,0.3333,0.38329499999999994,2025-03-25T13:20:00+00:00,2025-03-25T13:50:00+00:00,target_hit,0.38329499999999994,0.26664,0.5,30.0,15.0,484.82,15.0,20.0,2.0,7.0,576.0,
WAL,,2025-03-27 10:27:33+00:00,,,,,,,,,,,,,,,,,,,,,,,,,failed_to_load_data
BANANAS31,LONG,2025-03-28 09:48:35+00:00,3716.933498688026,3832.506484530005,3716.933498688026,664212.5623102261,0.005596,2025-03-28T09:50:00+00:00,0.00577,2025-03-28T11:50:00+00:00,0.005596,0.00577,2025-03-28T09:50:00+00:00,2025-03-28T11:50:00+00:00,time_limit,0.0064354,0.0044768,2.0,120.0,3.11,115.57,15.0,20.0,2.0,25.0,576.0,
GUN,LONG,2025-03-31 13:21:29+00:00,3832.506484530005,3555.79641777067,3832.506484530005,36029.956609288376,0.10637,2025-03-31T13:25:00+00:00,0.09869,2025-03-31T15:25:00+00:00,0.10637,0.09869,2025-03-31T13:25:00+00:00,2025-03-31T15:25:00+00:00,time_limit,0.1223255,0.085096,2.0,120.0,-7.22,-276.71,15.0,20.0,2.0,25.0,576.0,
XAUT,,2025-04-03 11:45:33+00:00,,,,,,,,,,,,,,,,,,,,,,,,,failed_to_load_data
MLN,LONG,2025-04-09 08:26:18+00:00,3555.79641777067,3535.0663319559253,3555.79641777067,391.13369461782753,9.091,2025-04-09T08:45:00+00:00,9.038,2025-04-09T10:45:00+00:00,9.091,9.038,2025-04-09T08:45:00+00:00,2025-04-09T10:45:00+00:00,time_limit,10.454649999999999,7.2728,2.0,120.0,-0.58,-20.73,15.0,20.0,2.0,25.0,573.0,
BABY,LONG,2025-04-10 10:27:46+00:00,3535.0663319559253,4065.326281749314,3535.0663319559253,39282.879563906274,0.08999,2025-04-10T10:30:00+00:00,0.1034885,2025-04-10T12:05:00+00:00,0.08999,0.1034885,2025-04-10T10:30:00+00:00,2025-04-10T12:05:00+00:00,target_hit,0.1034885,0.071992,1.58,95.0,15.0,530.26,15.0,20.0,2.0,20.0,576.0,
PROMPT,LONG,2025-04-10 14:17:46+00:00,4065.326281749314,3252.2610253994517,4065.326281749314,24337.441820817254,0.16704,2025-04-10T14:25:00+00:00,0.133632,2025-04-10T14:45:00+00:00,0.16704,0.133632,2025-04-10T14:25:00+00:00,2025-04-10T14:45:00+00:00,stop_loss_hit,0.192096,0.133632,0.33,20.0,-20.0,-813.07,15.0,20.0,2.0,5.0,575.0,
PUMP,,2025-04-11 08:12:04+00:00,,,,,,,,,,,,,,,,,,,,,,,,,failed_to_load_data
RFC,LONG,2025-04-14 07:48:22+00:00,3252.2610253994517,3740.1001792093693,3252.2610253994517,28231.432512148018,0.1152,2025-04-14T08:00:00+00:00,0.13248,2025-04-14T09:10:00+00:00,0.1152,0.13248,2025-04-14T08:00:00+00:00,2025-04-14T09:10:00+00:00,target_hit,0.13248,0.09216,1.17,70.0,15.0,487.84,15.0,20.0,2.0,15.0,574.0,
KERNEL,LONG,2025-04-14 12:25:04+00:00,3740.1001792093693,4301.115206090774,3740.1001792093693,11042.516029552316,0.3387,2025-04-14T12:30:00+00:00,0.389505,2025-04-14T13:10:00+00:00,0.3387,0.389505,2025-04-14T12:30:00+00:00,2025-04-14T13:10:00+00:00,target_hit,0.389505,0.27096000000000003,0.67,40.0,15.0,561.02,15.0,20.0,2.0,9.0,576.0,
WCT,,2025-04-15 11:47:11+00:00,,,,,,,,,,,,,,,,,,,,,,,,,failed_to_load_data
FHE,LONG,2025-04-16 10:29:24+00:00,4301.115206090774,4303.783805567176,4301.115206090774,66714.9869100477,0.06447,2025-04-16T10:45:00+00:00,0.06451,2025-04-16T12:45:00+00:00,0.06447,0.06451,2025-04-16T10:45:00+00:00,2025-04-16T12:45:00+00:00,time_limit,0.0741405,0.051576000000000004,2.0,120.0,0.06,2.67,15.0,20.0,2.0,25.0,573.0,
STO,LONG,2025-04-16 10:31:21+00:00,4303.783805567176,4391.856929562431,4303.783805567176,42140.25071543304,0.10213,2025-04-16T10:45:00+00:00,0.10422,2025-04-16T12:45:00+00:00,0.10213,0.10422,2025-04-16T10:45:00+00:00,2025-04-16T12:45:00+00:00,time_limit,0.11744949999999998,0.081704,2.0,120.0,2.05,88.07,15.0,20.0,2.0,25.0,574.0,
EPT,LONG,2025-04-21 12:43:24+00:00,4391.856929562431,3513.485543649945,4391.856929562431,225107.99228920715,0.01951,2025-04-21T12:50:00+00:00,0.015608,2025-04-21T14:10:00+00:00,0.01951,0.015608,2025-04-21T12:50:00+00:00,2025-04-21T14:10:00+00:00,stop_loss_hit,0.022436499999999998,0.015608,1.33,80.0,-20.0,-878.37,15.0,20.0,2.0,17.0,575.0,
HYPER,LONG,2025-04-22 12:16:36+00:00,3513.485543649945,4040.5083751974366,3513.485543649945,14584.829986093588,0.2409,2025-04-22T12:25:00+00:00,0.277035,2025-04-22T13:05:00+00:00,0.2409,0.277035,2025-04-22T12:25:00+00:00,2025-04-22T13:05:00+00:00,target_hit,0.277035,0.19272,0.67,40.0,15.0,527.02,15.0,20.0,2.0,9.0,575.0,
INIT,LONG,2025-04-24 11:23:20+00:00,4040.5083751974366,3651.6956117655373,4040.5083751974366,6046.854796763599,0.6682,2025-04-24T11:25:00+00:00,0.6039,2025-04-24T13:25:00+00:00,0.6682,0.6039,2025-04-24T11:25:00+00:00,2025-04-24T13:25:00+00:00,time_limit,0.76843,0.53456,2.0,120.0,-9.62,-388.81,15.0,20.0,2.0,25.0,576.0,
OBT,LONG,2025-04-25 10:48:35+00:00,3651.6956117655373,3673.6606981520968,3651.6956117655373,274563.5798319953,0.0133,2025-04-25T11:00:00+00:00,0.01338,2025-04-25T13:00:00+00:00,0.0133,0.01338,2025-04-25T11:00:00+00:00,2025-04-25T13:00:00+00:00,time_limit,0.015294999999999998,0.01064,2.0,120.0,0.6,21.97,15.0,20.0,2.0,25.0,574.0,
ZORA,,2025-04-25 11:08:11+00:00,,,,,,,,,,,,,,,,,,,,,,,,,failed_to_load_data
DARK,LONG,2025-04-27 07:05:05+00:00,3673.6606981520968,3647.2921889778786,3673.6606981520968,105474.03669687329,0.03483,2025-04-27T07:10:00+00:00,0.03458,2025-04-27T09:10:00+00:00,0.03483,0.03458,2025-04-27T07:10:00+00:00,2025-04-27T09:10:00+00:00,time_limit,0.0400545,0.027864,2.0,120.0,-0.72,-26.37,15.0,20.0,2.0,25.0,576.0,
CLANKER,LONG,2025-04-28 10:43:56+00:00,3647.2921889778786,3490.5590725949264,3647.2921889778786,86.59288197953178,42.12,2025-04-28T10:50:00+00:00,40.31,2025-04-28T12:50:00+00:00,42.12,40.31,2025-04-28T10:50:00+00:00,2025-04-28T12:50:00+00:00,time_limit,48.437999999999995,33.696,2.0,120.0,-4.3,-156.73,15.0,20.0,2.0,25.0,575.0,
SIGN,LONG,2025-04-28 11:17:06+00:00,3490.5590725949264,3748.5510340271912,3490.5590725949264,45103.489760885466,0.07739,2025-04-28T11:20:00+00:00,0.08311,2025-04-28T13:20:00+00:00,0.07739,0.08311,2025-04-28T11:20:00+00:00,2025-04-28T13:20:00+00:00,time_limit,0.0889985,0.061912,2.0,120.0,7.39,257.99,15.0,20.0,2.0,25.0,576.0,
PUNDIX,LONG,2025-04-30 11:53:25+00:00,3748.5510340271912,3639.093912442021,3748.5510340271912,7107.605297738322,0.5274,2025-04-30T12:00:00+00:00,0.512,2025-04-30T14:00:00+00:00,0.5274,0.512,2025-04-30T12:00:00+00:00,2025-04-30T14:00:00+00:00,time_limit,0.6065099999999999,0.42192,2.0,120.0,-2.92,-109.46,15.0,20.0,2.0,25.0,575.0,
HAEDAL,LONG,2025-04-30 11:56:51+00:00,3639.093912442021,4184.957999308323,3639.093912442021,45375.2358159853,0.0802,2025-04-30T12:05:00+00:00,0.09222999999999998,2025-04-30T12:10:00+00:00,0.0802,0.09222999999999998,2025-04-30T12:05:00+00:00,2025-04-30T12:10:00+00:00,target_hit,0.09222999999999998,0.06416,0.08,5.0,15.0,545.86,15.0,20.0,2.0,2.0,575.0,
GORK,LONG,2025-05-05 10:32:05+00:00,4184.957999308323,3801.553462104611,4184.957999308323,59076.199877305524,0.07084,2025-05-05T10:35:00+00:00,0.06435,2025-05-05T12:35:00+00:00,0.07084,0.06435,2025-05-05T10:35:00+00:00,2025-05-05T12:35:00+00:00,time_limit,0.081466,0.056672,2.0,120.0,-9.16,-383.4,15.0,20.0,2.0,25.0,576.0,
MILK,LONG,2025-05-06 11:29:54+00:00,3801.553462104611,3833.1016236158525,3801.553462104611,31548.161511241586,0.1205,2025-05-06T11:40:00+00:00,0.1215,2025-05-06T13:40:00+00:00,0.1205,0.1215,2025-05-06T11:40:00+00:00,2025-05-06T13:40:00+00:00,time_limit,0.13857499999999998,0.0964,2.0,120.0,0.83,31.55,15.0,20.0,2.0,25.0,574.0,
OBOL,LONG,2025-05-07 11:34:45+00:00,3833.1016236158525,3425.459323989764,3833.1016236158525,10533.392755196077,0.3639,2025-05-07T11:45:00+00:00,0.3252,2025-05-07T13:45:00+00:00,0.3639,0.3252,2025-05-07T11:45:00+00:00,2025-05-07T13:45:00+00:00,time_limit,0.418485,0.29112,2.0,120.0,-10.63,-407.64,15.0,20.0,2.0,25.0,574.0,
BANK,LONG,2025-05-08 09:04:26+00:00,3425.459323989764,3556.8064473249747,3425.459323989764,61377.16043701423,0.05581,2025-05-08T09:10:00+00:00,0.05795,2025-05-08T11:10:00+00:00,0.05581,0.05795,2025-05-08T09:10:00+00:00,2025-05-08T11:10:00+00:00,time_limit,0.06418149999999999,0.044648,2.0,120.0,3.83,131.35,15.0,20.0,2.0,25.0,575.0,
SXT,,2025-05-08 13:23:30+00:00,,,,,,,,,,,,,,,,,,,,,,,,,failed_to_load_data
DOOD,LONG,2025-05-09 13:34:06+00:00,3556.8064473249747,3596.2994318668966,3556.8064473249747,487567.7103941021,0.007295,2025-05-09T13:40:00+00:00,0.007376,2025-05-09T15:40:00+00:00,0.007295,0.007376,2025-05-09T13:40:00+00:00,2025-05-09T15:40:00+00:00,time_limit,0.00838925,0.005836000000000001,2.0,120.0,1.11,39.49,15.0,20.0,2.0,25.0,575.0,
SKYAI,LONG,2025-05-13 10:25:47+00:00,3596.2994318668966,3702.0553712987694,3596.2994318668966,59749.11832309182,0.06019,2025-05-13T10:35:00+00:00,0.06196,2025-05-13T12:35:00+00:00,0.06019,0.06196,2025-05-13T10:35:00+00:00,2025-05-13T12:35:00+00:00,time_limit,0.06921849999999999,0.048152,2.0,120.0,2.94,105.76,15.0,20.0,2.0,25.0,575.0,
LAUNCHCOIN,LONG,2025-05-14 09:09:57+00:00,3702.0553712987694,4257.363676993585,3702.0553712987694,19599.001383338287,0.18889,2025-05-14T10:00:00+00:00,0.21722349999999999,2025-05-14T10:40:00+00:00,0.18889,0.21722349999999999,2025-05-14T10:00:00+00:00,2025-05-14T10:40:00+00:00,target_hit,0.21722349999999999,0.15111200000000002,0.67,40.0,15.0,555.31,15.0,20.0,2.0,9.0,566.0,
NXPC,LONG,2025-05-15 06:25:04+00:00,4257.363676993585,4895.9682285426225,4257.363676993585,1760.2595207945028,2.4186,2025-05-15T06:30:00+00:00,2.78139,2025-05-15T06:35:00+00:00,2.4186,2.78139,2025-05-15T06:30:00+00:00,2025-05-15T06:35:00+00:00,target_hit,2.78139,1.9348800000000002,0.08,5.0,15.0,638.6,15.0,20.0,2.0,2.0,576.0,
SYRUP,,2025-05-19 07:48:36+00:00,,,,,,,,,,,,,,,,,,,,,,,,,failed_to_load_data
PRAI,LONG,2025-05-19 08:20:17+00:00,4895.9682285426225,5062.481163187214,4895.9682285426225,60993.74895406282,0.08027,2025-05-19T08:25:00+00:00,0.083,2025-05-19T10:25:00+00:00,0.08027,0.083,2025-05-19T08:25:00+00:00,2025-05-19T10:25:00+00:00,time_limit,0.09231049999999999,0.064216,2.0,120.0,3.4,166.51,15.0,20.0,2.0,25.0,576.0,
SAROS,LONG,2025-05-20 08:18:06+00:00,5062.481163187214,5410.275050211779,5062.481163187214,33281.71167699175,0.15211,2025-05-20T08:20:00+00:00,0.16256,2025-05-20T10:20:00+00:00,0.15211,0.16256,2025-05-20T08:20:00+00:00,2025-05-20T10:20:00+00:00,time_limit,0.17492649999999998,0.121688,2.0,120.0,6.87,347.79,15.0,20.0,2.0,25.0,576.0,
AWE,LONG,2025-05-22 09:32:46+00:00,5410.275050211779,5444.074531129853,5410.275050211779,78603.44399552199,0.06883,2025-05-22T09:35:00+00:00,0.06926,2025-05-22T11:35:00+00:00,0.06883,0.06926,2025-05-22T09:35:00+00:00,2025-05-22T11:35:00+00:00,time_limit,0.0791545,0.055064,2.0,120.0,0.62,33.8,15.0,20.0,2.0,25.0,576.0,
B,LONG,2025-05-23 06:18:10+00:00,5444.074531129853,4919.552290535254,5444.074531129853,18956.351304466916,0.28719,2025-05-23T06:20:00+00:00,0.25952,2025-05-23T08:20:00+00:00,0.28719,0.25952,2025-05-23T06:20:00+00:00,2025-05-23T08:20:00+00:00,time_limit,0.33026849999999996,0.229752,2.0,120.0,-9.63,-524.52,15.0,20.0,2.0,25.0,576.0,
SOON,LONG,2025-05-23 09:03:28+00:00,4919.552290535254,5657.485134115542,4919.552290535254,9081.69150920298,0.5417,2025-05-23T09:05:00+00:00,0.6229549999999999,2025-05-23T09:45:00+00:00,0.5417,0.6229549999999999,2025-05-23T09:05:00+00:00,2025-05-23T09:45:00+00:00,target_hit,0.6229549999999999,0.43335999999999997,0.67,40.0,15.0,737.93,15.0,20.0,2.0,9.0,576.0,
HUMA,LONG,2025-05-26 13:07:28+00:00,5657.485134115542,5231.476737587189,5657.485134115542,78023.51584768365,0.07251,2025-05-26T13:10:00+00:00,0.06705,2025-05-26T15:10:00+00:00,0.07251,0.06705,2025-05-26T13:10:00+00:00,2025-05-26T15:10:00+00:00,time_limit,0.0833865,0.058008000000000004,2.0,120.0,-7.53,-426.01,15.0,20.0,2.0,25.0,576.0,
AGT,LONG,2025-05-28 06:32:38+00:00,5231.476737587189,5103.477985587178,5231.476737587189,151120.13223141685,0.034618,2025-05-28T06:35:00+00:00,0.033771,2025-05-28T08:35:00+00:00,0.034618,0.033771,2025-05-28T06:35:00+00:00,2025-05-28T08:35:00+00:00,time_limit,0.0398107,0.027694400000000004,2.0,120.0,-2.45,-128.0,15.0,20.0,2.0,25.0,576.0,
A,LONG,2025-05-28 08:26:08+00:00,5103.477985587178,5065.738202870719,5103.477985587178,6621.014511659546,0.7708,2025-05-28T08:35:00+00:00,0.7651,2025-05-28T10:35:00+00:00,0.7708,0.7651,2025-05-28T08:35:00+00:00,2025-05-28T10:35:00+00:00,time_limit,0.88642,0.6166400000000001,2.0,120.0,-0.74,-37.74,15.0,20.0,2.0,25.0,575.0,
SOPH,LONG,2025-05-28 13:07:59+00:00,5065.738202870719,4306.50321556152,5065.738202870719,69527.0134898534,0.07286,2025-05-28T13:10:00+00:00,0.06194,2025-05-28T15:10:00+00:00,0.07286,0.06194,2025-05-28T13:10:00+00:00,2025-05-28T15:10:00+00:00,time_limit,0.08378899999999999,0.058288,2.0,120.0,-14.99,-759.23,15.0,20.0,2.0,25.0,576.0,
BDXN,LONG,2025-06-03 10:57:08+00:00,4306.50321556152,4132.241667175416,4306.50321556152,57512.062173631406,0.07488,2025-06-03T11:00:00+00:00,0.07185,2025-06-03T13:00:00+00:00,0.07488,0.07185,2025-06-03T11:00:00+00:00,2025-06-03T13:00:00+00:00,time_limit,0.086112,0.059904000000000006,2.0,120.0,-4.05,-174.26,15.0,20.0,2.0,25.0,576.0,
LA,LONG,2025-06-05 05:54:38+00:00,4132.241667175416,3519.164095872359,4132.241667175416,2906.9586121529487,1.4215,2025-06-05T06:00:00+00:00,1.2106,2025-06-05T08:00:00+00:00,1.4215,1.2106,2025-06-05T06:00:00+00:00,2025-06-05T08:00:00+00:00,time_limit,1.6347249999999998,1.1372,2.0,120.0,-14.84,-613.08,15.0,20.0,2.0,25.0,575.0,
B2,LONG,2025-06-09 09:22:17+00:00,3519.164095872359,3548.789872785488,3519.164095872359,6303.35679002751,0.5583,2025-06-09T09:25:00+00:00,0.563,2025-06-09T11:25:00+00:00,0.5583,0.563,2025-06-09T09:25:00+00:00,2025-06-09T11:25:00+00:00,time_limit,0.642045,0.44664000000000004,2.0,120.0,0.84,29.63,15.0,20.0,2.0,25.0,576.0,
SKATE,LONG,2025-06-09 10:23:29+00:00,3548.789872785488,2839.03189822839,3548.789872785488,44700.71637215629,0.07939,2025-06-09T10:25:00+00:00,0.063512,2025-06-09T10:55:00+00:00,0.07939,0.063512,2025-06-09T10:25:00+00:00,2025-06-09T10:55:00+00:00,stop_loss_hit,0.09129849999999999,0.063512,0.5,30.0,-20.0,-709.76,15.0,20.0,2.0,7.0,576.0,
