profit_target_pct,stop_loss_pct,max_hold_hours,total_trades,win_rate,avg_profit_pct,median_profit_pct,max_profit_pct,min_profit_pct,std_profit_pct,avg_win_pct,avg_loss_pct,sharpe_ratio,avg_hold_time_hours,initial_capital,final_capital,total_return_pct,profit_target_hits,stop_loss_hits,max_hold_exits,end_of_data_exits
15,20,1,143,54.55,1.55,0.91,15.0,-20.0,8.23,7.13,-5.15,0.188,0.91,2000.0,11198.12,459.91,24,4,115,0
15,25,1,143,54.55,1.47,0.91,15.0,-25.0,8.46,7.13,-5.32,0.174,0.92,2000.0,9704.47,385.22,24,2,117,0
15,15,1,143,53.85,1.39,0.6,15.0,-15.0,8.08,7.03,-5.19,0.172,0.89,2000.0,9117.08,355.85,23,9,111,0
15,5,1,143,48.25,1.13,-0.25,15.0,-6.04,6.73,6.65,-4.01,0.168,0.72,2000.0,7368.11,268.41,19,52,72,0
15,2,1,143,32.17,1.01,-2.0,15.0,-2.06,5.43,7.21,-1.93,0.186,0.46,2000.0,6941.83,247.09,15,91,37,0
25,20,1,143,53.85,1.22,0.6,25.0,-20.0,8.51,6.7,-5.16,0.144,0.97,2000.0,6909.36,245.47,6,4,133,0
20,20,1,143,53.85,1.2,0.6,20.0,-20.0,8.26,6.66,-5.16,0.146,0.96,2000.0,6863.4,243.17,9,4,130,0
25,5,1,143,47.55,1.06,-0.42,25.0,-6.04,7.31,6.66,-4.03,0.145,0.76,2000.0,6339.54,216.98,6,53,84,0
20,5,1,143,47.55,1.02,-0.42,20.0,-6.04,6.96,6.58,-4.03,0.146,0.75,2000.0,6152.98,207.65,8,53,82,0
10,20,1,143,55.24,1.05,1.06,10.0,-20.0,7.24,6.13,-5.21,0.146,0.85,2000.0,6117.23,205.86,37,4,102,0
25,25,1,143,53.85,1.15,0.6,25.0,-25.0,8.73,6.7,-5.33,0.131,0.97,2000.0,5987.76,199.39,6,2,135,0
20,25,1,143,53.85,1.13,0.6,20.0,-25.0,8.48,6.66,-5.33,0.133,0.96,2000.0,5947.93,197.4,9,2,132,0
25,15,1,143,53.15,1.07,0.55,25.0,-15.0,8.38,6.61,-5.21,0.128,0.95,2000.0,5704.49,185.22,6,9,128,0
20,15,1,143,53.15,1.05,0.55,20.0,-15.0,8.12,6.57,-5.21,0.13,0.94,2000.0,5666.55,183.33,9,9,125,0
50,20,1,143,53.85,1.07,0.6,50.0,-20.0,8.73,6.42,-5.16,0.123,0.99,2000.0,5529.43,176.47,1,4,138,0
30,20,1,143,53.85,1.02,0.6,34.48,-20.0,8.33,6.32,-5.16,0.123,0.98,2000.0,5309.59,165.48,2,4,137,0
10,25,1,143,55.24,0.98,1.06,10.0,-25.0,7.49,6.13,-5.38,0.13,0.85,2000.0,5301.28,165.06,37,2,104,0
10,5,1,143,48.95,0.85,-0.21,10.0,-6.04,5.81,5.9,-4.0,0.146,0.66,2000.0,5297.42,164.87,31,51,61,0
10,2,1,143,32.87,0.78,-2.0,10.0,-2.06,4.52,6.3,-1.93,0.172,0.41,2000.0,5276.85,163.84,25,90,28,0
10,15,1,143,54.55,0.93,0.91,10.0,-15.0,7.12,6.08,-5.25,0.13,0.83,2000.0,5206.79,160.34,36,9,98,0
50,5,1,143,47.55,0.91,-0.42,50.0,-6.04,7.56,6.35,-4.03,0.12,0.77,2000.0,5073.41,153.67,1,53,89,0
30,5,1,143,47.55,0.85,-0.42,34.48,-6.04,7.09,6.24,-4.03,0.121,0.77,2000.0,4871.7,143.59,2,53,88,0
50,25,1,143,53.85,1.0,0.6,50.0,-25.0,8.94,6.42,-5.33,0.111,0.99,2000.0,4791.89,139.59,1,2,140,0
15,10,1,143,51.75,0.91,0.43,15.0,-13.27,7.91,6.88,-5.49,0.115,0.84,2000.0,4754.02,137.7,21,24,98,0
30,25,1,143,53.85,0.94,0.6,34.48,-25.0,8.55,6.32,-5.33,0.11,0.99,2000.0,4601.37,130.07,2,2,139,0
50,15,1,143,53.15,0.92,0.55,50.0,-15.0,8.6,6.33,-5.21,0.107,0.96,2000.0,4565.2,128.26,1,9,133,0
20,2,1,143,30.77,0.7,-2.0,20.0,-2.06,5.24,6.61,-1.93,0.133,0.48,2000.0,4519.55,125.98,5,93,45,0
100,20,1,143,53.85,0.87,0.6,34.48,-20.0,7.89,6.04,-5.16,0.11,0.99,2000.0,4457.2,122.86,0,4,139,0
30,15,1,143,53.15,0.87,0.55,34.48,-15.0,8.19,6.23,-5.21,0.106,0.96,2000.0,4383.69,119.18,2,9,132,0
5,5,1,143,55.94,0.6,1.26,6.39,-6.04,4.32,4.12,-3.88,0.138,0.53,2000.0,4103.74,105.19,58,42,43,0
100,5,1,143,47.55,0.7,-0.42,34.48,-6.04,6.56,5.92,-4.03,0.107,0.78,2000.0,4089.61,104.48,0,53,90,0
5,2,1,143,41.26,0.55,-2.0,5.0,-2.06,3.14,4.06,-1.92,0.175,0.32,2000.0,4087.47,104.37,44,78,21,0
100,25,1,143,53.85,0.79,0.6,34.48,-25.0,8.12,6.04,-5.33,0.098,0.99,2000.0,3862.68,93.13,0,2,141,0
25,10,1,143,51.05,0.76,0.2,25.0,-13.27,8.39,6.82,-5.55,0.091,0.89,2000.0,3688.67,84.43,6,25,112,0
100,15,1,143,53.15,0.72,0.55,34.48,-15.0,7.74,5.94,-5.21,0.093,0.97,2000.0,3679.94,84.0,0,9,134,0
20,10,1,143,51.05,0.74,0.2,20.0,-13.27,8.14,6.78,-5.55,0.091,0.88,2000.0,3664.13,83.21,9,25,109,0
15,2,24,143,16.08,0.52,-2.0,15.0,-2.0,5.92,13.62,-1.99,0.088,1.65,2000.0,3328.05,66.4,20,119,4,0
15,2,2,143,20.28,0.48,-2.0,15.0,-2.0,5.47,10.02,-1.94,0.088,0.63,2000.0,3270.15,63.51,16,110,17,0
10,2,2,143,23.78,0.44,-2.0,10.0,-2.0,4.57,8.07,-1.94,0.096,0.54,2000.0,3251.84,62.59,25,105,13,0
10,10,1,143,52.45,0.58,0.43,10.0,-13.27,6.95,6.03,-5.42,0.084,0.78,2000.0,3247.7,62.38,34,23,86,0
25,2,1,143,30.07,0.44,-2.0,25.0,-2.06,4.87,5.97,-1.93,0.091,0.49,2000.0,3229.96,61.5,2,94,47,0
5,20,1,143,60.14,0.51,1.88,6.39,-20.0,5.75,4.19,-5.04,0.088,0.69,2000.0,3205.12,60.26,64,4,75,0
10,2,12,143,21.68,0.43,-2.0,10.0,-2.0,4.72,9.22,-2.0,0.091,0.99,2000.0,3182.24,59.11,27,112,4,0
10,2,24,143,20.98,0.43,-2.0,10.0,-2.0,4.77,9.57,-1.99,0.091,1.29,2000.0,3180.02,59.0,28,112,3,0
15,2,48,143,14.69,0.47,-2.0,15.0,-2.0,5.97,14.84,-2.0,0.079,1.95,2000.0,3110.17,55.51,20,122,0,1
100,2,24,143,8.39,0.95,-2.0,100.0,-2.0,13.95,33.11,-1.99,0.068,3.32,2000.0,3100.7,55.03,2,130,10,1
100,2,6,143,13.29,0.66,-2.0,66.12,-2.0,9.66,18.01,-2.0,0.068,1.4,2000.0,3068.66,53.43,0,124,19,0
15,20,2,143,48.95,0.77,-0.03,15.0,-20.0,9.7,8.39,-6.53,0.08,1.68,2000.0,3059.66,52.98,31,7,105,0
15,2,12,143,16.78,0.44,-2.0,15.0,-2.0,5.74,12.53,-2.0,0.077,1.24,2000.0,3012.07,50.6,18,119,6,0
50,2,1,143,30.07,0.38,-2.0,34.48,-2.06,4.87,5.76,-1.93,0.079,0.49,2000.0,2968.47,48.42,0,94,49,0
30,2,1,143,30.07,0.38,-2.0,34.48,-2.06,4.87,5.76,-1.93,0.079,0.49,2000.0,2968.47,48.42,0,94,49,0
100,2,1,143,30.07,0.38,-2.0,34.48,-2.06,4.87,5.76,-1.93,0.079,0.49,2000.0,2968.47,48.42,0,94,49,0
5,5,2,143,51.75,0.38,0.43,5.0,-5.0,4.52,4.49,-4.04,0.083,0.77,2000.0,2956.38,47.82,64,49,30,0
50,10,1,143,51.05,0.61,0.2,50.0,-13.27,8.61,6.53,-5.55,0.071,0.9,2000.0,2951.97,47.6,1,25,117,0
10,2,6,143,21.68,0.37,-2.0,10.0,-2.0,4.63,8.95,-2.0,0.081,0.78,2000.0,2947.69,47.38,25,112,6,0
5,15,1,143,59.44,0.42,1.87,6.39,-15.0,5.62,4.18,-5.09,0.074,0.67,2000.0,2858.01,42.9,63,9,71,0
30,10,1,143,51.05,0.56,0.2,34.48,-13.27,8.2,6.43,-5.55,0.069,0.9,2000.0,2834.6,41.73,2,25,116,0
10,2,48,143,19.58,0.35,-2.0,10.0,-2.0,4.76,10.0,-2.0,0.073,1.42,2000.0,2825.04,41.25,28,115,0,0
30,2,6,143,13.99,0.48,-2.0,30.0,-2.0,7.47,15.71,-2.0,0.064,1.28,2000.0,2803.54,40.18,6,123,14,0
5,2,12,143,32.87,0.29,-2.0,5.0,-2.0,3.27,4.96,-2.0,0.088,0.55,2000.0,2802.19,40.11,46,96,1,0
5,25,1,143,60.14,0.43,1.88,6.39,-25.0,6.05,4.19,-5.24,0.071,0.69,2000.0,2777.61,38.88,64,2,77,0
5,2,6,143,32.87,0.28,-2.0,5.41,-2.0,3.27,4.94,-2.0,0.086,0.51,2000.0,2775.34,38.77,45,96,2,0
5,2,2,143,32.87,0.27,-2.0,5.0,-2.0,3.21,4.78,-1.93,0.085,0.41,2000.0,2750.66,37.53,44,92,7,0
10,2,4,143,21.68,0.32,-2.0,10.0,-2.0,4.57,8.58,-1.97,0.069,0.68,2000.0,2730.86,36.54,25,110,8,0
5,10,1,143,58.74,0.35,1.55,6.39,-10.0,5.32,4.17,-5.08,0.066,0.63,2000.0,2689.6,34.48,62,20,61,0
5,2,24,143,32.17,0.26,-2.0,5.0,-2.0,3.27,5.0,-1.99,0.079,0.63,2000.0,2679.48,33.97,46,96,1,0
5,2,48,143,32.17,0.25,-2.0,5.0,-2.0,3.27,5.0,-2.0,0.077,0.65,2000.0,2658.69,32.93,46,97,0,0
15,2,6,143,16.78,0.33,-2.0,15.0,-2.0,5.57,11.88,-2.0,0.059,0.95,2000.0,2610.18,30.51,17,119,7,0
100,2,48,143,6.29,0.8,-2.0,100.0,-2.0,13.64,42.47,-2.0,0.059,4.48,2000.0,2578.54,28.93,2,134,0,7
5,5,6,143,51.75,0.29,5.0,5.41,-5.0,4.85,4.9,-4.66,0.06,1.3,2000.0,2556.98,27.85,71,61,11,0
10,20,2,143,51.75,0.54,0.07,10.0,-20.0,8.51,7.12,-6.53,0.063,1.51,2000.0,2520.63,26.03,48,6,89,0
25,2,24,143,10.49,0.41,-2.0,25.0,-2.0,7.5,20.89,-1.99,0.054,2.06,2000.0,2517.45,25.87,12,127,4,0
15,5,2,143,37.76,0.4,-2.4,15.0,-5.14,7.13,7.91,-4.15,0.056,1.16,2000.0,2516.71,25.84,22,64,57,0
5,2,4,143,32.17,0.21,-2.0,5.0,-2.0,3.22,4.84,-1.98,0.065,0.47,2000.0,2511.3,25.56,44,96,3,0
50,2,6,143,13.29,0.43,-2.0,50.0,-2.0,8.23,16.33,-2.0,0.053,1.34,2000.0,2506.85,25.34,2,124,17,0
30,2,24,143,9.79,0.41,-2.0,30.0,-2.0,8.03,22.61,-1.99,0.052,2.5,2000.0,2442.17,22.11,9,128,5,1
5,5,12,143,51.75,0.25,5.0,5.0,-5.0,4.93,4.98,-4.82,0.051,1.56,2000.0,2404.45,20.22,73,65,5,0
100,10,1,143,51.05,0.41,0.2,34.48,-13.27,7.74,6.13,-5.55,0.053,0.91,2000.0,2379.54,18.98,0,25,118,0
15,2,4,143,17.48,0.25,-2.0,15.0,-2.0,5.41,10.75,-1.97,0.047,0.82,2000.0,2366.21,18.31,16,116,11,0
5,5,4,143,51.05,0.23,0.16,5.0,-5.0,4.69,4.65,-4.38,0.048,1.11,2000.0,2364.97,18.25,67,57,19,0
25,2,48,143,9.09,0.36,-2.0,25.0,-2.0,7.54,23.98,-2.0,0.048,2.35,2000.0,2352.64,17.63,12,130,0,1
25,2,6,143,13.99,0.3,-2.0,25.0,-2.0,6.76,14.43,-2.0,0.044,1.23,2000.0,2296.35,14.82,8,123,12,0
25,5,2,143,36.36,0.4,-3.26,25.0,-5.14,8.17,8.4,-4.17,0.049,1.27,2000.0,2295.04,14.75,10,66,67,0
50,5,2,143,36.36,0.47,-3.26,50.0,-5.14,9.51,8.58,-4.17,0.049,1.33,2000.0,2268.7,13.43,3,66,74,0
5,5,48,143,51.75,0.2,5.0,5.0,-5.0,4.98,5.0,-4.95,0.039,2.06,2000.0,2218.16,10.91,74,68,0,1
25,2,12,143,11.89,0.29,-2.0,25.0,-2.0,7.05,17.26,-2.0,0.041,1.62,2000.0,2215.86,10.79,10,126,7,0
5,5,24,143,51.75,0.19,5.0,5.0,-5.0,4.95,4.93,-4.9,0.039,1.84,2000.0,2205.0,10.25,73,67,3,0
10,5,2,143,40.56,0.24,-2.15,10.0,-5.14,6.08,6.69,-4.16,0.04,1.02,2000.0,2195.78,9.79,35,62,46,0
15,25,2,143,48.95,0.59,-0.03,15.0,-25.0,10.15,8.39,-6.9,0.058,1.68,2000.0,2162.67,8.13,31,6,106,0
30,5,6,143,27.27,0.51,-5.0,30.0,-5.0,10.34,14.1,-4.58,0.05,2.78,2000.0,2127.76,6.39,11,90,42,0
30,2,48,143,8.39,0.31,-2.0,30.0,-2.0,7.96,25.57,-2.0,0.039,2.97,2000.0,2127.22,6.36,9,131,0,3
50,2,2,143,17.48,0.24,-2.0,50.0,-2.0,7.2,10.54,-1.95,0.033,0.74,2000.0,2080.2,4.01,2,114,27,0
20,2,6,143,14.69,0.18,-2.0,20.0,-2.0,6.02,12.85,-2.0,0.03,1.17,2000.0,2050.64,2.53,10,122,11,0
25,5,6,143,27.27,0.45,-5.0,25.0,-5.0,9.81,13.85,-4.58,0.046,2.64,2000.0,2044.05,2.2,16,90,37,0
5,20,2,143,62.24,0.24,5.0,5.0,-20.0,6.84,4.53,-6.82,0.036,1.15,2000.0,1979.65,-1.02,78,6,59,0
15,15,2,143,47.55,0.43,-0.23,15.0,-15.0,9.43,8.19,-6.6,0.046,1.61,2000.0,1976.12,-1.19,29,17,97,0
20,5,2,143,36.36,0.23,-3.26,20.0,-5.14,7.48,7.92,-4.17,0.03,1.24,2000.0,1905.87,-4.71,12,66,65,0
10,25,2,143,51.75,0.39,0.07,10.0,-25.0,8.92,7.12,-6.84,0.043,1.52,2000.0,1900.45,-4.98,48,5,90,0
20,2,24,143,11.19,0.14,-2.0,20.0,-2.0,6.35,17.09,-1.99,0.022,1.98,2000.0,1888.74,-5.56,13,126,4,0
30,2,12,143,11.89,0.18,-2.0,30.0,-2.0,7.17,16.32,-2.0,0.025,1.79,2000.0,1881.44,-5.93,7,126,10,0
30,5,2,143,36.36,0.25,-3.26,30.0,-5.14,8.15,7.98,-4.17,0.03,1.31,2000.0,1862.8,-6.86,6,66,71,0
100,2,2,143,17.48,0.12,-2.0,50.37,-2.0,6.49,9.86,-1.95,0.018,0.75,2000.0,1843.49,-7.83,0,114,29,0
50,2,4,143,14.69,0.17,-2.0,50.0,-2.0,7.54,12.63,-1.97,0.023,1.07,2000.0,1837.12,-8.14,2,120,21,0
20,2,12,143,12.59,0.09,-2.0,20.0,-2.0,6.07,14.63,-2.0,0.015,1.54,2000.0,1803.89,-9.81,11,125,7,0
20,2,2,143,18.18,0.05,-2.0,20.0,-2.0,5.15,9.0,-1.94,0.009,0.71,2000.0,1795.59,-10.22,6,113,24,0
20,2,48,143,9.79,0.1,-2.0,20.0,-2.0,6.4,19.41,-2.0,0.015,2.28,2000.0,1765.09,-11.75,13,129,0,1
100,2,4,143,14.69,0.12,-2.0,65.15,-2.0,7.55,12.3,-1.97,0.016,1.1,2000.0,1725.76,-13.71,0,120,23,0
30,2,4,143,14.69,0.06,-2.0,30.0,-2.0,6.43,11.88,-1.97,0.01,1.04,2000.0,1689.74,-15.51,4,120,19,0
10,15,2,143,50.35,0.23,0.02,10.0,-15.0,8.36,7.04,-6.67,0.028,1.44,2000.0,1674.68,-16.27,46,16,81,0
100,2,12,143,11.19,0.21,-2.0,100.0,-2.0,9.94,17.76,-2.0,0.021,2.13,2000.0,1657.56,-17.12,1,127,15,0
5,10,2,143,58.04,0.05,5.0,5.0,-10.0,5.96,4.55,-6.18,0.008,0.97,2000.0,1650.48,-17.48,73,29,41,0
100,5,2,143,36.36,0.15,-3.26,50.37,-5.14,8.15,7.7,-4.17,0.018,1.35,2000.0,1625.9,-18.71,0,66,77,0
50,2,48,143,6.29,0.21,-2.0,50.0,-2.0,9.58,33.06,-2.0,0.022,3.97,2000.0,1610.77,-19.46,4,134,0,5
10,5,4,143,36.36,0.03,-5.0,10.0,-5.0,6.33,7.7,-4.35,0.005,1.55,2000.0,1591.39,-20.43,37,74,32,0
30,2,2,143,17.48,-0.03,-2.0,30.0,-2.0,5.52,9.03,-1.95,-0.005,0.73,2000.0,1589.46,-20.53,3,114,26,0
50,2,24,143,8.39,0.14,-2.0,50.0,-2.0,8.8,23.42,-1.99,0.016,3.13,2000.0,1573.38,-21.33,3,130,9,1
25,2,2,143,17.48,-0.06,-2.0,25.0,-2.0,5.25,8.85,-1.95,-0.011,0.72,2000.0,1542.76,-22.86,4,114,25,0
10,5,6,143,35.66,0.01,-5.0,10.0,-5.0,6.48,8.29,-4.58,0.001,1.95,2000.0,1513.22,-24.34,37,79,27,0
5,15,2,143,60.84,0.04,5.0,5.0,-15.0,6.68,4.52,-6.92,0.006,1.09,2000.0,1511.75,-24.41,76,14,53,0
25,2,4,143,14.69,-0.04,-2.0,26.1,-2.0,5.95,11.19,-1.97,-0.007,1.02,2000.0,1511.73,-24.41,5,120,18,0
5,25,2,143,62.24,0.09,5.0,5.0,-25.0,7.33,4.53,-7.22,0.013,1.15,2000.0,1492.57,-25.37,78,5,60,0
15,10,2,143,44.06,0.16,-0.65,15.0,-10.0,8.8,8.31,-6.25,0.018,1.45,2000.0,1468.31,-26.58,27,36,80,0
20,2,4,143,15.38,-0.09,-2.0,20.0,-2.0,5.38,10.29,-1.97,-0.016,0.98,2000.0,1465.07,-26.75,8,119,16,0
25,5,4,143,29.37,0.11,-5.0,26.1,-5.0,8.97,10.96,-4.4,0.012,2.06,2000.0,1395.76,-30.21,12,83,48,0
50,2,12,143,11.19,-0.04,-2.0,50.0,-2.0,7.39,15.48,-2.0,-0.006,2.0,2000.0,1366.95,-31.65,2,127,14,0
15,5,4,143,31.47,-0.01,-5.0,15.0,-5.0,7.46,9.54,-4.39,-0.001,1.79,2000.0,1358.25,-32.09,25,81,37,0
10,5,12,143,33.57,-0.06,-5.0,10.0,-5.0,6.72,9.17,-4.72,-0.009,2.75,2000.0,1339.1,-33.05,41,87,15,0
10,10,2,143,46.85,0.02,-0.33,10.0,-10.0,7.72,7.11,-6.24,0.002,1.3,2000.0,1337.77,-33.11,43,34,66,0
25,5,12,143,23.08,0.17,-5.0,25.0,-5.0,10.13,16.62,-4.76,0.017,3.84,2000.0,1326.96,-33.65,18,102,23,0
30,5,4,143,29.37,0.08,-5.0,30.0,-5.0,9.21,10.86,-4.4,0.009,2.14,2000.0,1309.54,-34.52,8,83,52,0
15,5,6,143,30.07,-0.02,-5.0,15.0,-5.0,7.7,10.66,-4.61,-0.003,2.26,2000.0,1299.86,-35.01,26,87,30,0
20,5,6,143,27.97,0.04,-5.0,20.0,-5.0,8.62,12.04,-4.62,0.004,2.54,2000.0,1291.41,-35.43,18,90,35,0
15,5,12,143,27.97,-0.04,-5.0,15.0,-5.0,7.98,12.06,-4.75,-0.006,3.27,2000.0,1221.03,-38.95,28,95,20,0
5,20,4,143,63.64,-0.05,5.0,5.0,-20.0,7.59,4.67,-8.32,-0.007,1.91,2000.0,1187.89,-40.61,84,9,50,0
10,5,24,143,33.57,-0.19,-5.0,10.0,-5.0,6.81,9.13,-4.89,-0.027,3.62,2000.0,1111.34,-44.43,43,92,8,0
5,20,6,143,66.43,-0.05,5.0,5.41,-20.0,8.14,4.84,-9.75,-0.007,2.54,2000.0,1099.4,-45.03,90,13,40,0
50,10,2,143,41.96,0.12,-1.56,50.0,-10.0,11.48,9.12,-6.39,0.01,1.66,2000.0,1045.05,-47.75,4,39,100,0
15,5,24,143,27.27,-0.14,-5.0,15.0,-5.0,8.21,12.57,-4.9,-0.017,4.5,2000.0,1040.79,-47.96,31,101,10,1
50,20,2,143,45.45,0.24,-0.37,50.0,-20.0,12.44,9.0,-7.06,0.02,1.93,2000.0,1037.24,-48.14,4,10,129,0
30,5,24,143,20.28,0.11,-5.0,30.0,-5.0,11.47,19.86,-4.91,0.01,5.84,2000.0,1036.2,-48.19,17,111,13,2
15,5,48,143,25.17,-0.14,-5.0,15.0,-5.0,8.35,13.94,-4.88,-0.017,5.67,2000.0,1018.62,-49.07,32,104,0,7
25,5,24,143,20.98,0.02,-5.0,25.0,-5.0,10.6,18.58,-4.91,0.002,5.22,2000.0,1002.77,-49.86,21,110,11,1
50,5,6,143,25.17,-0.01,-5.0,50.0,-5.0,10.68,13.51,-4.55,-0.0,2.94,2000.0,1002.49,-49.88,3,92,48,0
5,10,6,143,58.74,-0.27,5.0,5.41,-10.0,6.53,4.88,-7.6,-0.041,1.86,2000.0,989.75,-50.51,80,37,26,0
50,5,4,143,28.67,-0.09,-5.0,50.0,-5.0,9.85,10.64,-4.41,-0.01,2.22,2000.0,975.85,-51.21,3,84,56,0
20,5,4,143,29.37,-0.22,-5.0,20.0,-5.0,7.93,9.82,-4.4,-0.028,2.0,2000.0,957.94,-52.1,15,83,45,0
25,5,48,143,18.88,-0.01,-5.0,25.0,-5.0,10.69,20.97,-4.89,-0.001,6.71,2000.0,957.71,-52.11,21,113,0,9
10,5,48,143,31.47,-0.29,-5.0,10.0,-5.0,6.83,9.67,-4.87,-0.043,4.61,2000.0,947.87,-52.61,43,95,0,5
100,5,6,143,25.17,-0.02,-5.0,66.12,-5.0,11.14,13.43,-4.55,-0.002,3.04,2000.0,942.91,-52.85,0,92,51,0
5,10,4,143,58.04,-0.32,5.0,5.0,-10.0,6.37,4.64,-7.18,-0.05,1.47,2000.0,938.58,-53.07,76,36,31,0
5,10,12,143,60.14,-0.3,5.0,5.0,-10.0,6.73,4.95,-8.21,-0.044,2.7,2000.0,936.71,-53.16,84,41,18,0
10,20,4,143,50.35,-0.03,0.14,10.0,-20.0,9.83,8.12,-8.29,-0.003,2.66,2000.0,924.51,-53.77,55,12,76,0
15,20,4,143,45.45,0.12,-1.11,15.0,-20.0,11.39,10.34,-8.4,0.01,3.05,2000.0,920.41,-53.98,40,14,89,0
30,5,12,143,22.38,-0.07,-5.0,30.0,-5.0,10.37,16.19,-4.76,-0.007,4.16,2000.0,916.23,-54.19,13,103,27,0
25,20,2,143,45.45,0.04,-0.37,25.0,-20.0,10.94,8.55,-7.06,0.003,1.86,2000.0,913.09,-54.35,13,10,120,0
25,10,2,143,41.96,-0.1,-1.56,25.0,-10.0,9.81,8.61,-6.39,-0.01,1.59,2000.0,910.76,-54.46,12,39,92,0
30,5,48,143,17.48,-0.01,-5.0,30.0,-5.0,11.49,23.06,-4.89,-0.0,7.56,2000.0,873.1,-56.34,17,115,0,11
20,5,12,143,23.78,-0.22,-5.0,20.0,-5.0,8.88,14.34,-4.76,-0.025,3.7,2000.0,870.47,-56.48,20,101,22,0
50,25,2,143,45.45,0.13,-0.37,50.0,-25.0,12.68,9.0,-7.27,0.01,1.94,2000.0,829.52,-58.52,4,6,133,0
30,10,2,143,41.96,-0.18,-1.56,30.0,-10.0,9.99,8.41,-6.39,-0.018,1.63,2000.0,799.55,-60.02,8,39,96,0
5,20,12,143,68.53,-0.23,5.0,5.0,-20.0,8.7,4.95,-11.51,-0.026,3.99,2000.0,795.96,-60.2,96,16,31,0
30,20,2,143,45.45,-0.05,-0.37,30.0,-20.0,11.08,8.35,-7.06,-0.005,1.9,2000.0,793.57,-60.32,8,10,125,0
5,15,6,143,63.64,-0.34,5.0,5.41,-15.0,7.7,4.84,-9.39,-0.044,2.22,2000.0,785.45,-60.73,86,25,32,0
5,15,12,143,65.73,-0.32,5.0,5.0,-15.0,7.96,4.95,-10.44,-0.041,3.29,2000.0,773.92,-61.3,92,27,24,0
100,10,2,143,41.96,-0.18,-1.56,54.01,-10.0,10.52,8.42,-6.39,-0.017,1.67,2000.0,768.99,-61.55,0,39,104,0
100,20,2,143,45.45,-0.05,-0.37,54.01,-20.0,11.56,8.36,-7.06,-0.004,1.95,2000.0,763.24,-61.84,0,10,133,0
50,15,2,143,44.06,-0.04,-0.64,50.0,-15.0,12.02,8.74,-6.96,-0.003,1.84,2000.0,749.55,-62.52,4,21,118,0
5,10,24,143,60.84,-0.44,5.0,5.0,-10.0,6.94,4.94,-8.8,-0.063,3.84,2000.0,744.06,-62.8,86,46,11,0
5,25,4,143,63.64,-0.31,5.0,5.0,-25.0,8.31,4.67,-9.02,-0.037,1.93,2000.0,741.42,-62.93,84,7,52,0
25,25,2,143,45.45,-0.08,-0.37,25.0,-25.0,11.22,8.55,-7.27,-0.007,1.87,2000.0,730.23,-63.49,13,6,124,0
20,20,2,143,45.45,-0.17,-0.37,20.0,-20.0,10.3,8.08,-7.06,-0.017,1.82,2000.0,727.31,-63.63,16,10,117,0
5,25,6,143,66.43,-0.29,5.0,5.41,-25.0,8.78,4.84,-10.44,-0.032,2.61,2000.0,713.74,-64.31,90,8,45,0
20,10,2,143,41.96,-0.34,-1.56,20.0,-10.0,9.06,8.03,-6.39,-0.038,1.56,2000.0,697.03,-65.15,14,39,90,0
100,5,4,143,28.67,-0.4,-5.0,65.15,-5.0,8.99,9.59,-4.41,-0.044,2.28,2000.0,695.54,-65.22,0,84,59,0
20,5,48,143,20.28,-0.34,-5.0,20.0,-5.0,9.38,17.53,-4.89,-0.036,6.38,2000.0,689.64,-65.52,24,111,0,8
20,5,24,143,22.38,-0.37,-5.0,20.0,-5.0,9.19,15.39,-4.91,-0.04,5.04,2000.0,678.91,-66.05,23,108,11,1
10,10,4,143,44.76,-0.42,-1.31,10.0,-10.0,8.32,7.88,-7.15,-0.05,2.09,2000.0,666.72,-66.66,47,46,50,0
25,15,2,143,44.06,-0.26,-0.64,25.0,-15.0,10.43,8.26,-6.96,-0.025,1.77,2000.0,653.23,-67.34,12,21,110,0
5,10,48,143,61.54,-0.52,5.0,5.0,-10.0,7.05,4.94,-9.27,-0.074,5.34,2000.0,651.86,-67.41,87,49,0,7
5,25,48,143,76.92,-0.18,5.0,5.0,-25.0,10.36,4.96,-17.3,-0.017,10.03,2000.0,638.01,-68.1,109,17,0,17
30,25,2,143,45.45,-0.17,-0.37,30.0,-25.0,11.35,8.35,-7.27,-0.015,1.92,2000.0,634.65,-68.27,8,6,129,0
100,25,2,143,45.45,-0.16,-0.37,54.01,-25.0,11.82,8.36,-7.27,-0.014,1.96,2000.0,610.4,-69.48,0,6,137,0
10,10,12,143,44.76,-0.43,-2.11,10.0,-10.0,8.97,9.0,-8.07,-0.048,4.29,2000.0,604.63,-69.77,54,56,33,0
5,15,4,143,60.84,-0.55,5.0,5.0,-15.0,7.51,4.66,-8.65,-0.074,1.73,2000.0,586.57,-70.67,80,24,39,0
20,25,2,143,45.45,-0.29,-0.37,20.0,-25.0,10.59,8.08,-7.27,-0.027,1.84,2000.0,581.66,-70.92,16,6,121,0
30,15,2,143,44.06,-0.34,-0.64,30.0,-15.0,10.6,8.07,-6.96,-0.032,1.81,2000.0,573.47,-71.33,8,21,114,0
100,15,2,143,44.06,-0.33,-0.64,54.01,-15.0,11.1,8.08,-6.96,-0.03,1.86,2000.0,551.55,-72.42,0,21,122,0
5,15,48,143,69.23,-0.53,5.0,5.0,-15.0,8.55,4.95,-12.85,-0.062,6.96,2000.0,535.12,-73.24,98,34,0,11
10,10,6,143,44.06,-0.56,-2.37,10.0,-10.0,8.55,8.37,-7.6,-0.066,2.75,2000.0,526.16,-73.69,47,49,47,0
5,25,12,143,68.53,-0.44,5.0,5.0,-25.0,9.33,4.95,-12.19,-0.047,4.23,2000.0,525.75,-73.71,96,11,36,0
5,15,24,143,67.13,-0.56,5.0,5.0,-15.0,8.4,4.95,-11.8,-0.066,4.89,2000.0,523.41,-73.83,95,32,16,0
20,15,2,143,44.06,-0.5,-0.64,20.0,-15.0,9.73,7.7,-6.96,-0.051,1.74,2000.0,499.94,-75.0,14,21,108,0
10,25,4,143,50.35,-0.37,0.14,10.0,-25.0,10.56,8.12,-8.97,-0.035,2.69,2000.0,498.05,-75.1,55,9,79,0
5,25,24,143,71.33,-0.47,5.0,5.0,-25.0,9.82,4.95,-13.95,-0.048,6.88,2000.0,466.01,-76.7,101,13,28,1
5,20,24,143,70.63,-0.53,5.0,5.0,-20.0,9.44,4.95,-13.71,-0.056,6.08,2000.0,460.05,-77.0,100,22,20,1
15,15,12,143,44.76,-0.27,-2.03,15.0,-15.0,12.39,12.19,-10.36,-0.022,6.13,2000.0,451.5,-77.42,47,44,52,0
10,15,12,143,50.35,-0.48,0.78,10.0,-15.0,10.54,9.11,-10.2,-0.045,5.17,2000.0,442.07,-77.9,62,38,43,0
15,25,4,143,45.45,-0.29,-1.11,15.0,-25.96,12.17,10.34,-9.15,-0.024,3.09,2000.0,430.22,-78.49,40,10,93,0
15,20,6,143,46.85,-0.29,-1.0,15.0,-20.0,12.55,11.06,-10.3,-0.023,4.24,2000.0,409.31,-79.53,42,21,80,0
10,15,4,143,47.55,-0.64,-0.2,10.0,-15.0,9.55,8.01,-8.47,-0.067,2.44,2000.0,408.43,-79.58,51,29,63,0
15,15,4,143,42.66,-0.53,-1.57,15.0,-15.0,10.97,10.16,-8.48,-0.048,2.81,2000.0,395.53,-80.22,37,32,74,0
5,20,48,143,73.43,-0.6,5.0,5.0,-20.0,9.82,4.95,-15.93,-0.061,8.41,2000.0,393.36,-80.33,104,26,0,13
100,5,24,143,16.78,-0.27,-5.0,100.0,-5.0,15.71,22.77,-4.92,-0.017,7.32,2000.0,393.49,-80.33,2,116,23,2
10,20,12,143,53.85,-0.42,3.29,10.0,-20.0,11.7,9.17,-11.6,-0.035,6.05,2000.0,386.53,-80.67,67,26,50,0
15,10,4,143,38.46,-0.71,-2.28,15.0,-10.0,9.64,9.87,-7.33,-0.074,2.39,2000.0,374.86,-81.26,32,53,58,0
10,20,6,143,51.75,-0.55,0.67,10.0,-20.0,10.87,8.49,-10.24,-0.051,3.68,2000.0,369.53,-81.52,57,18,68,0
10,10,24,143,44.06,-0.77,-3.34,10.0,-10.0,9.32,9.34,-8.73,-0.082,6.47,2000.0,355.11,-82.24,58,64,21,0
15,15,6,143,44.06,-0.53,-1.67,15.0,-15.0,11.61,10.87,-9.5,-0.045,3.78,2000.0,354.79,-82.26,39,39,65,0
50,5,12,143,19.58,-0.72,-5.0,50.0,-5.0,10.84,15.9,-4.77,-0.067,4.53,2000.0,353.09,-82.35,4,107,32,0
50,5,24,143,17.48,-0.63,-5.0,50.0,-5.0,12.34,19.62,-4.92,-0.051,6.79,2000.0,338.04,-83.1,6,115,20,2
15,20,12,143,47.55,-0.3,-0.64,15.0,-20.0,13.67,12.36,-11.78,-0.022,7.18,2000.0,323.6,-83.82,51,31,61,0
10,15,6,143,48.95,-0.77,-0.46,10.0,-15.0,10.09,8.4,-9.57,-0.077,3.25,2000.0,307.71,-84.61,53,36,54,0
100,5,12,143,19.58,-0.81,-5.0,100.0,-5.0,11.78,15.44,-4.77,-0.069,4.76,2000.0,294.49,-85.28,1,107,35,0
15,10,12,143,37.06,-0.81,-4.68,15.0,-10.0,10.35,11.61,-8.13,-0.079,5.09,2000.0,292.28,-85.39,36,65,42,0
15,10,6,143,36.36,-0.88,-3.44,15.0,-10.0,9.91,10.92,-7.62,-0.089,3.16,2000.0,283.66,-85.82,33,57,53,0
50,5,48,143,13.29,-0.71,-5.0,50.0,-5.0,12.88,26.64,-4.9,-0.055,9.32,2000.0,279.82,-86.01,7,121,0,15
10,15,24,143,51.05,-0.76,0.47,10.0,-15.0,11.13,9.43,-11.4,-0.069,8.15,2000.0,265.23,-86.74,68,44,31,0
30,10,6,143,32.87,-0.74,-4.51,30.0,-10.0,12.28,13.38,-7.65,-0.06,3.8,2000.0,258.7,-87.06,13,61,69,0
25,15,6,143,39.86,-0.58,-2.39,25.0,-15.0,13.7,13.2,-9.71,-0.042,4.33,2000.0,239.17,-88.04,22,44,77,0
30,15,6,143,39.86,-0.56,-2.39,30.0,-15.0,14.13,13.25,-9.71,-0.039,4.5,2000.0,231.95,-88.4,15,44,84,0
25,10,6,143,32.87,-0.87,-4.51,25.0,-10.0,11.66,12.96,-7.65,-0.075,3.66,2000.0,229.78,-88.51,18,61,64,0
15,20,24,143,48.95,-0.38,-0.74,15.0,-20.0,14.86,13.49,-13.67,-0.025,11.53,2000.0,224.54,-88.77,61,39,41,2
15,15,24,143,44.06,-0.66,-3.17,15.0,-15.0,13.25,13.32,-11.66,-0.049,9.71,2000.0,219.13,-89.04,54,52,36,1
10,25,12,143,53.85,-0.71,3.29,10.0,-25.0,12.39,9.17,-12.24,-0.057,6.46,2000.0,214.8,-89.26,67,17,59,0
10,25,6,143,51.75,-0.86,0.67,10.0,-25.0,11.51,8.49,-10.89,-0.075,3.77,2000.0,205.83,-89.71,57,11,75,0
30,10,4,143,34.97,-1.01,-3.86,30.0,-10.0,11.26,10.9,-7.41,-0.089,2.8,2000.0,202.84,-89.86,10,57,76,0
25,10,4,143,34.97,-1.05,-3.86,26.1,-10.0,10.89,10.79,-7.41,-0.096,2.72,2000.0,199.88,-90.01,14,57,72,0
10,10,48,143,42.66,-1.17,-10.0,10.0,-10.0,9.53,9.59,-9.18,-0.123,9.45,2000.0,191.98,-90.4,58,72,0,13
15,25,6,143,46.85,-0.71,-1.0,15.0,-25.0,13.28,11.06,-11.09,-0.054,4.34,2000.0,187.85,-90.61,42,14,87,0
15,10,24,143,35.66,-1.11,-10.0,15.0,-10.0,11.0,12.93,-8.89,-0.101,7.82,2000.0,172.83,-91.36,42,76,24,1
10,20,24,143,54.55,-0.87,10.0,10.0,-20.0,12.52,9.47,-13.27,-0.069,9.61,2000.0,171.04,-91.45,73,33,36,1
20,20,4,143,41.26,-1.0,-1.72,20.0,-20.0,12.08,10.29,-8.93,-0.083,3.38,2000.0,164.73,-91.76,22,18,103,0
25,20,4,143,39.86,-0.96,-1.93,26.1,-20.0,13.0,11.23,-9.04,-0.074,3.48,2000.0,151.55,-92.42,17,19,107,0
100,5,48,143,12.59,-1.07,-5.0,100.0,-5.0,14.48,25.51,-4.9,-0.074,10.5,2000.0,150.08,-92.5,2,122,0,19
30,15,24,143,36.36,-0.41,-6.59,30.0,-15.0,17.41,19.73,-11.92,-0.023,12.56,2000.0,147.02,-92.65,30,62,49,2
25,15,12,143,37.06,-0.78,-4.21,25.0,-15.0,14.84,15.98,-10.64,-0.052,7.21,2000.0,143.89,-92.81,28,52,63,0
10,15,48,143,50.35,-1.17,0.05,10.0,-15.0,11.44,9.65,-12.14,-0.102,12.7,2000.0,140.15,-92.99,69,49,0,25
50,10,4,143,34.27,-1.23,-4.09,50.0,-10.0,12.01,10.67,-7.44,-0.103,2.9,2000.0,137.06,-93.15,4,58,81,0
15,25,12,143,47.55,-0.74,-0.64,15.0,-25.0,14.5,12.36,-12.62,-0.051,7.62,2000.0,136.87,-93.16,51,21,71,0
20,10,6,143,33.57,-1.35,-4.51,20.0,-10.0,10.48,11.26,-7.72,-0.129,3.56,2000.0,133.79,-93.31,20,61,62,0
25,15,4,143,38.46,-1.16,-2.17,26.1,-15.0,12.35,11.05,-8.8,-0.094,3.18,2000.0,130.01,-93.5,16,37,90,0
20,20,6,143,43.36,-0.97,-1.67,20.0,-20.0,13.63,11.85,-10.78,-0.071,4.73,2000.0,128.18,-93.59,27,25,91,0
30,10,24,143,27.97,-0.95,-10.0,30.0,-10.0,14.58,19.59,-8.93,-0.065,9.83,2000.0,128.13,-93.59,23,86,32,2
20,10,4,143,34.97,-1.45,-3.86,20.0,-10.0,9.84,9.63,-7.41,-0.147,2.65,2000.0,126.43,-93.68,17,57,69,0
25,10,12,143,30.07,-1.23,-10.0,25.0,-10.0,12.28,15.0,-8.21,-0.1,5.96,2000.0,123.64,-93.82,21,73,49,0
30,20,4,143,39.86,-1.1,-1.93,30.0,-20.0,13.04,10.87,-9.04,-0.084,3.58,2000.0,123.67,-93.82,10,19,114,0
30,20,24,143,40.56,-0.15,-3.72,30.0,-20.0,19.33,20.16,-14.01,-0.008,14.83,2000.0,122.35,-93.88,34,47,59,3
25,20,6,143,41.26,-0.87,-1.94,25.0,-20.0,14.79,13.36,-10.86,-0.059,4.87,2000.0,121.23,-93.94,23,26,94,0
15,10,48,143,34.27,-1.33,-10.0,15.0,-10.0,11.34,13.91,-9.28,-0.118,11.14,2000.0,118.41,-94.08,44,84,0,15
20,15,6,143,40.56,-1.2,-2.39,20.0,-15.0,12.45,11.44,-9.82,-0.096,4.22,2000.0,118.28,-94.09,24,44,75,0
30,15,4,143,38.46,-1.23,-2.17,30.0,-15.0,12.52,10.89,-8.8,-0.098,3.27,2000.0,116.59,-94.17,10,37,96,0
50,10,6,143,30.77,-1.29,-4.69,50.0,-10.0,12.74,12.79,-7.54,-0.101,4.0,2000.0,113.74,-94.31,4,62,77,0
15,15,48,143,42.66,-1.05,-4.9,15.0,-15.0,13.7,14.13,-12.34,-0.077,14.7,2000.0,112.99,-94.35,56,59,0,28
30,20,6,143,41.26,-0.94,-1.94,30.0,-20.0,15.07,13.19,-10.86,-0.062,5.08,2000.0,105.3,-94.74,15,26,102,0
30,15,12,143,36.36,-0.96,-4.21,30.0,-15.0,15.2,15.81,-10.54,-0.063,7.71,2000.0,104.98,-94.75,20,52,71,0
10,25,24,143,54.55,-1.09,10.0,10.0,-25.0,13.21,9.47,-13.76,-0.083,10.86,2000.0,104.15,-94.79,73,22,47,1
25,10,24,143,28.67,-1.22,-10.0,25.0,-10.0,13.44,17.93,-8.92,-0.091,9.15,2000.0,103.44,-94.83,27,85,30,1
15,25,24,143,48.95,-0.75,-0.74,15.0,-25.0,15.67,13.49,-14.4,-0.048,12.87,2000.0,103.03,-94.85,61,27,53,2
15,20,48,143,48.25,-0.82,-0.19,15.0,-20.0,15.49,14.23,-14.84,-0.053,17.47,2000.0,102.63,-94.87,64,44,0,35
100,10,4,143,34.27,-1.6,-4.09,65.15,-10.0,11.01,9.6,-7.44,-0.145,2.97,2000.0,91.4,-95.43,0,58,85,0
100,10,6,143,30.77,-1.49,-4.69,66.12,-10.0,12.57,12.11,-7.54,-0.119,4.13,2000.0,87.87,-95.61,0,62,81,0
30,10,12,143,29.37,-1.45,-10.0,30.0,-10.0,12.61,14.84,-8.23,-0.115,6.32,2000.0,86.65,-95.67,15,74,54,0
50,20,4,143,39.16,-1.3,-1.96,50.0,-20.0,13.68,10.67,-9.02,-0.095,3.68,2000.0,86.41,-95.68,4,19,120,0
25,15,24,143,36.36,-0.95,-6.59,25.0,-15.0,16.16,18.24,-11.92,-0.059,11.56,2000.0,84.47,-95.78,35,62,45,1
50,15,6,143,37.76,-1.26,-2.64,50.0,-15.0,14.35,12.46,-9.58,-0.088,4.72,2000.0,84.34,-95.78,4,45,94,0
20,10,12,143,30.77,-1.69,-10.0,20.0,-10.0,10.97,12.93,-8.19,-0.154,5.8,2000.0,75.74,-96.21,23,72,48,0
20,15,4,143,38.46,-1.64,-2.17,20.0,-15.0,11.28,9.82,-8.8,-0.145,3.11,2000.0,75.79,-96.21,19,37,87,0
50,20,24,143,39.16,-0.16,-4.11,50.0,-20.0,21.87,21.46,-14.07,-0.007,17.03,2000.0,74.55,-96.27,14,48,78,3
50,15,4,143,37.76,-1.48,-2.18,50.0,-15.0,13.22,10.68,-8.87,-0.112,3.37,2000.0,74.4,-96.28,4,38,101,0
10,20,48,143,54.55,-1.38,10.0,10.0,-20.0,13.04,9.68,-14.66,-0.106,14.83,2000.0,72.79,-96.36,75,38,0,30
10,25,48,143,56.64,-1.23,10.0,10.0,-25.0,13.97,9.69,-15.49,-0.088,17.63,2000.0,71.84,-96.41,78,27,0,38
20,15,12,143,37.76,-1.45,-4.16,20.0,-15.0,13.33,13.63,-10.59,-0.109,7.02,2000.0,70.14,-96.49,30,51,62,0
15,25,48,143,50.35,-0.85,0.05,15.0,-25.0,16.58,14.08,-16.0,-0.052,20.68,2000.0,69.59,-96.52,66,33,0,44
20,25,4,143,41.26,-1.47,-1.72,20.0,-25.96,12.9,10.29,-9.73,-0.114,3.45,2000.0,68.74,-96.56,22,13,108,0
30,10,48,143,24.48,-1.32,-10.0,30.0,-10.0,15.03,23.25,-9.29,-0.088,14.46,2000.0,68.35,-96.58,24,97,0,22
100,15,6,143,37.76,-1.47,-2.64,66.12,-15.0,14.2,11.91,-9.58,-0.103,4.85,2000.0,65.15,-96.74,0,45,98,0
25,10,48,143,25.87,-1.5,-10.0,25.0,-10.0,13.9,20.78,-9.28,-0.108,13.55,2000.0,63.48,-96.83,28,95,0,20
50,15,24,143,34.27,-0.77,-7.85,50.0,-15.0,19.58,20.79,-12.02,-0.039,14.52,2000.0,60.27,-96.99,12,65,64,2
25,20,24,143,40.56,-0.84,-3.72,25.0,-20.0,18.0,18.47,-14.01,-0.047,13.77,2000.0,60.09,-97.0,39,47,55,2
20,10,24,143,30.07,-1.75,-10.0,20.0,-10.0,11.97,15.07,-8.98,-0.146,8.88,2000.0,59.76,-97.01,30,84,28,1
25,25,4,143,39.86,-1.47,-1.93,26.1,-25.96,13.82,11.23,-9.88,-0.106,3.54,2000.0,59.28,-97.04,17,14,112,0
100,20,4,143,39.16,-1.67,-1.96,65.15,-20.0,12.81,9.73,-9.02,-0.131,3.76,2000.0,57.62,-97.12,0,19,124,0
20,20,24,143,43.36,-1.13,-3.17,20.0,-20.0,16.36,15.6,-13.94,-0.069,13.39,2000.0,55.33,-97.23,45,44,52,2
100,15,4,143,37.76,-1.85,-2.18,65.15,-15.0,12.31,9.71,-8.87,-0.151,3.44,2000.0,49.62,-97.52,0,38,105,0
30,25,24,143,40.56,-0.58,-3.34,30.0,-25.0,20.11,20.16,-14.73,-0.029,16.43,2000.0,49.17,-97.54,34,33,73,3
30,25,4,143,39.86,-1.61,-1.93,30.0,-25.96,13.86,10.87,-9.88,-0.116,3.65,2000.0,48.38,-97.58,10,14,119,0
20,20,12,143,40.56,-1.48,-3.39,20.0,-20.0,14.81,13.98,-12.03,-0.1,8.15,2000.0,47.16,-97.64,33,36,74,0
25,20,12,143,38.46,-1.32,-4.01,25.0,-20.0,16.18,16.12,-12.23,-0.082,8.38,2000.0,45.82,-97.71,29,38,76,0
20,25,6,143,43.36,-1.54,-1.67,20.0,-27.64,14.52,11.85,-11.8,-0.106,4.87,2000.0,43.85,-97.81,27,17,99,0
50,20,6,143,39.16,-1.56,-2.19,50.0,-20.0,15.22,12.42,-10.55,-0.102,5.31,2000.0,43.6,-97.82,4,26,113,0
50,10,24,143,25.87,-1.6,-10.0,50.0,-10.0,15.79,19.47,-8.96,-0.102,11.28,2000.0,43.26,-97.84,8,89,44,2
20,10,48,143,27.27,-1.95,-10.0,20.0,-10.0,12.47,17.57,-9.26,-0.156,12.8,2000.0,41.38,-97.93,32,93,0,18
30,15,48,143,30.77,-1.2,-10.77,30.0,-15.0,18.12,23.96,-12.38,-0.066,19.75,2000.0,39.51,-98.02,32,71,0,40
25,25,6,143,41.26,-1.48,-1.94,25.0,-27.64,15.67,13.36,-11.9,-0.094,5.02,2000.0,38.87,-98.06,23,18,102,0
20,15,24,143,37.76,-1.73,-6.56,20.0,-15.0,14.49,15.21,-12.0,-0.119,11.25,2000.0,37.28,-98.14,38,61,43,1
30,20,12,143,37.76,-1.47,-4.01,30.0,-20.0,16.57,16.06,-12.11,-0.089,8.94,2000.0,34.76,-98.26,21,38,84,0
30,25,6,143,41.26,-1.55,-1.94,30.0,-27.64,15.94,13.19,-11.9,-0.097,5.22,2000.0,33.77,-98.31,15,18,110,0
50,25,4,143,39.16,-1.81,-1.96,50.0,-25.96,14.45,10.67,-9.85,-0.125,3.75,2000.0,33.8,-98.31,4,14,125,0
100,20,6,143,39.16,-1.76,-2.19,66.12,-20.0,15.08,11.89,-10.55,-0.117,5.44,2000.0,33.68,-98.32,0,26,117,0
50,10,12,143,27.27,-2.06,-10.0,50.0,-10.0,13.34,14.53,-8.28,-0.154,6.84,2000.0,33.54,-98.32,5,77,61,0
25,15,48,143,32.17,-1.48,-10.51,25.0,-15.0,16.84,21.61,-12.42,-0.088,18.06,2000.0,33.67,-98.32,37,70,0,36
100,10,24,143,24.48,-1.66,-10.0,100.0,-10.0,17.9,20.51,-8.84,-0.092,12.02,2000.0,31.72,-98.41,2,89,50,2
50,25,24,143,39.16,-0.62,-4.04,50.0,-25.0,22.6,21.46,-14.83,-0.027,18.62,2000.0,28.09,-98.6,14,34,92,3
100,15,24,143,32.87,-1.27,-7.85,100.0,-15.0,20.6,20.28,-11.82,-0.061,15.55,2000.0,27.41,-98.63,2,65,74,2
50,15,12,143,34.97,-1.95,-4.68,50.0,-15.0,15.28,14.21,-10.64,-0.128,8.43,2000.0,25.79,-98.71,5,54,84,0
100,10,12,143,27.27,-2.27,-10.0,100.0,-10.0,13.73,13.76,-8.28,-0.165,7.14,2000.0,24.76,-98.76,1,77,65,0
25,25,24,143,40.56,-1.26,-3.34,25.0,-25.0,18.82,18.47,-14.73,-0.067,15.36,2000.0,24.15,-98.79,39,33,69,2
100,25,4,143,39.16,-2.18,-1.96,65.15,-25.96,13.61,9.73,-9.85,-0.16,3.82,2000.0,22.54,-98.87,0,14,129,0
100,20,24,143,37.76,-1.04,-4.22,100.0,-20.0,22.18,20.0,-13.81,-0.047,18.18,2000.0,22.27,-98.89,2,48,90,3
50,10,48,143,19.58,-1.87,-10.0,50.0,-10.0,17.55,28.79,-9.33,-0.106,17.3,2000.0,21.23,-98.94,11,104,0,28
100,15,12,143,34.97,-2.16,-4.68,100.0,-15.0,15.62,13.61,-10.64,-0.138,8.73,2000.0,19.04,-99.05,1,54,88,0
20,25,24,143,43.36,-1.68,-3.17,20.0,-25.0,17.3,15.6,-14.91,-0.097,14.78,2000.0,18.39,-99.08,45,32,64,2
30,25,48,143,38.46,-1.04,-5.45,30.0,-25.0,21.5,23.26,-16.22,-0.048,27.61,2000.0,16.37,-99.18,37,41,0,65
20,15,48,143,33.57,-2.2,-9.8,20.0,-15.0,15.16,18.02,-12.41,-0.145,17.26,2000.0,16.24,-99.19,41,69,0,33
25,25,48,143,39.86,-1.27,-5.03,25.0,-25.0,20.38,21.45,-16.32,-0.062,25.6,2000.0,15.21,-99.24,45,41,0,57
25,25,12,143,38.46,-1.9,-4.01,25.0,-25.0,17.06,16.12,-13.16,-0.111,8.91,2000.0,15.02,-99.25,29,27,87,0
20,25,12,143,40.56,-2.1,-3.39,20.0,-25.0,15.78,13.98,-13.07,-0.133,8.63,2000.0,14.45,-99.28,33,26,84,0
50,25,6,143,39.16,-2.17,-2.19,50.0,-27.64,16.05,12.42,-11.56,-0.135,5.45,2000.0,13.98,-99.3,4,18,121,0
30,20,48,143,34.97,-1.48,-8.81,30.0,-20.0,20.35,23.99,-15.17,-0.073,23.61,2000.0,13.37,-99.33,36,57,0,50
25,20,48,143,36.36,-1.7,-8.73,25.0,-20.0,19.17,22.0,-15.24,-0.089,21.63,2000.0,12.53,-99.37,43,57,0,43
30,25,12,143,37.76,-2.05,-4.01,30.0,-25.0,17.43,16.06,-13.03,-0.117,9.47,2000.0,11.39,-99.43,21,27,95,0
20,20,48,143,39.16,-2.03,-7.53,20.0,-20.0,17.44,18.3,-15.12,-0.117,20.67,2000.0,11.31,-99.43,49,54,0,40
100,25,6,143,39.16,-2.37,-2.19,66.12,-27.64,15.91,11.89,-11.56,-0.149,5.58,2000.0,10.8,-99.46,0,18,125,0
50,15,48,143,25.87,-1.73,-15.0,50.0,-15.0,21.08,28.98,-12.46,-0.082,23.84,2000.0,10.41,-99.48,15,76,0,52
20,25,48,143,41.96,-1.84,-3.69,20.0,-25.0,18.61,17.99,-16.18,-0.099,24.28,2000.0,10.05,-99.5,51,39,0,53
50,20,12,143,36.36,-2.33,-4.16,50.0,-20.0,16.98,14.92,-12.19,-0.137,9.71,2000.0,9.67,-99.52,6,39,98,0
100,25,24,143,37.76,-1.5,-4.11,100.0,-25.0,22.88,20.0,-14.55,-0.066,19.78,2000.0,8.39,-99.58,2,34,104,3
50,25,48,143,33.57,-1.04,-7.8,50.0,-25.0,25.35,29.11,-16.28,-0.041,32.53,2000.0,6.55,-99.67,20,43,1,79
100,20,12,143,36.36,-2.61,-4.16,100.0,-20.0,17.1,14.16,-12.19,-0.152,10.01,2000.0,6.69,-99.67,1,39,103,0
100,10,48,143,18.18,-2.84,-10.0,100.0,-10.0,18.06,26.45,-9.34,-0.157,19.14,2000.0,5.41,-99.73,2,106,0,35
50,20,48,143,30.07,-1.55,-10.19,50.0,-20.0,24.08,30.17,-15.2,-0.065,28.36,2000.0,5.23,-99.74,19,60,0,64
50,25,12,143,36.36,-2.94,-4.16,50.0,-25.0,17.82,14.92,-13.14,-0.165,10.24,2000.0,2.97,-99.85,6,28,109,0
100,25,12,143,36.36,-3.22,-4.16,100.0,-25.0,17.93,14.16,-13.14,-0.179,10.54,2000.0,2.05,-99.9,1,28,114,0
100,15,48,143,24.48,-3.64,-15.0,100.0,-15.0,19.92,23.31,-12.37,-0.183,26.76,2000.0,0.95,-99.95,2,77,0,64
100,25,48,143,31.47,-3.3,-8.35,100.0,-25.0,24.96,24.72,-16.16,-0.132,36.21,2000.0,0.33,-99.98,3,44,1,95
100,20,48,143,27.97,-3.89,-10.77,100.0,-20.0,23.3,24.9,-15.07,-0.167,31.99,2000.0,0.26,-99.99,3,61,0,79
