csv_row_index,symbol,trade_type,first_message_timestamp,capital_before,capital_after,trade_amount,position_size,entry_price,entry_time,exit_price,exit_time,trade_open_price,trade_close_price,trade_open_time,trade_close_time,exit_reason,target_price,stop_price,hold_time_hours,hold_time_minutes,pnl_percent,pnl_amount,profit_target_pct,stop_loss_pct,max_hold_hours,data_points_used,total_data_points,error
0,IO,LONG,2024-06-11 14:49:01+00:00,2000.0,2300.0,2000.0,590.8419497784344,3.385,2024-06-11T14:50:00+00:00,3.8927499999999995,2024-06-11T15:35:00+00:00,3.385,3.8927499999999995,2024-06-11T14:50:00+00:00,2024-06-11T15:35:00+00:00,target_hit,3.8927499999999995,3.3173,0.75,45.0,15.0,300.0,15.0,2.0,1.0,10.0,576.0,
1,GME,,2024-06-11 15:10:01+00:00,,,,,,,,,,,,,,,,,,,,,,,,,failed_to_load_data
2,DOP1,,2024-07-10 09:53:23+00:00,,,,,,,,,,,,,,,,,,,,,,,,,failed_to_load_data
3,MOCA,LONG,2024-07-12 10:53:49+00:00,2300.0,2521.936827490455,2300.0,19958.3477959042,0.11524,2024-07-12T10:55:00+00:00,0.12636,2024-07-12T11:55:00+00:00,0.11524,0.12636,2024-07-12T10:55:00+00:00,2024-07-12T11:55:00+00:00,time_limit,0.13252599999999998,0.1129352,1.0,60.0,9.65,221.94,15.0,2.0,1.0,13.0,576.0,
4,AERO,LONG,2024-07-15 09:45:38+00:00,2521.936827490455,2471.4980909406463,2521.936827490455,3098.202490774515,0.814,2024-07-15T09:50:00+00:00,0.79772,2024-07-15T10:35:00+00:00,0.814,0.79772,2024-07-15T09:50:00+00:00,2024-07-15T10:35:00+00:00,stop_loss_hit,0.9360999999999998,0.79772,0.75,45.0,-2.0,-50.44,15.0,2.0,1.0,10.0,576.0,
5,PRCL,LONG,2024-07-17 10:11:30+00:00,2471.4980909406463,2422.0681291218334,2471.4980909406463,9053.106560222146,0.273,2024-07-17T10:15:00+00:00,0.26754,2024-07-17T10:20:00+00:00,0.273,0.26754,2024-07-17T10:15:00+00:00,2024-07-17T10:20:00+00:00,stop_loss_hit,0.31395,0.26754,0.08,5.0,-2.0,-49.43,15.0,2.0,1.0,2.0,576.0,
6,CLOUD,LONG,2024-07-19 10:14:45+00:00,2422.0681291218334,2373.6267665393966,2422.0681291218334,7735.765343729906,0.3131,2024-07-19T10:15:00+00:00,0.306838,2024-07-19T10:20:00+00:00,0.3131,0.306838,2024-07-19T10:15:00+00:00,2024-07-19T10:20:00+00:00,stop_loss_hit,0.36006499999999997,0.306838,0.08,5.0,-2.0,-48.44,15.0,2.0,1.0,2.0,576.0,
7,UXLINK,,2024-07-19 10:25:46+00:00,,,,,,,,,,,,,,,,,,,,,,,,,failed_to_load_data
8,BANANA,LONG,2024-07-19 11:36:52+00:00,2373.6267665393966,2404.231124591193,2373.6267665393966,34.738204372073305,68.329,2024-07-19T11:40:00+00:00,69.21,2024-07-19T12:40:00+00:00,68.329,69.21,2024-07-19T11:40:00+00:00,2024-07-19T12:40:00+00:00,time_limit,78.57834999999999,66.96242,1.0,60.0,1.29,30.6,15.0,2.0,1.0,13.0,576.0,
9,PIRATE,,2024-07-22 11:15:28+00:00,,,,,,,,,,,,,,,,,,,,,,,,,failed_to_load_data
10,A8,LONG,2024-07-22 12:06:33+00:00,2404.231124591193,2527.993233114453,2404.231124591193,10144.435124857355,0.237,2024-07-22T12:10:00+00:00,0.2492,2024-07-22T13:10:00+00:00,0.237,0.2492,2024-07-22T12:10:00+00:00,2024-07-22T13:10:00+00:00,time_limit,0.27254999999999996,0.23226,1.0,60.0,5.15,123.76,15.0,2.0,1.0,13.0,576.0,
11,AVAIL,LONG,2024-07-23 15:20:13+00:00,2527.993233114453,2477.433368452164,2527.993233114453,17403.230298185685,0.14526,2024-07-23T15:25:00+00:00,0.1423548,2024-07-23T16:15:00+00:00,0.14526,0.1423548,2024-07-23T15:25:00+00:00,2024-07-23T16:15:00+00:00,stop_loss_hit,0.16704899999999998,0.1423548,0.83,50.0,-2.0,-50.56,15.0,2.0,1.0,11.0,576.0,
12,G,LONG,2024-07-25 10:40:21+00:00,2477.433368452164,2530.054748552039,2477.433368452164,46983.37508917436,0.05273,2024-07-25T10:45:00+00:00,0.05385,2024-07-25T11:45:00+00:00,0.05273,0.05385,2024-07-25T10:45:00+00:00,2024-07-25T11:45:00+00:00,time_limit,0.06063949999999999,0.051675399999999996,1.0,60.0,2.12,52.62,15.0,2.0,1.0,13.0,576.0,
13,DEXE,LONG,2024-07-25 10:52:21+00:00,2530.054748552039,2479.4536535809984,2530.054748552039,257.45952463132585,9.827,2024-07-25T10:55:00+00:00,9.63046,2024-07-25T11:00:00+00:00,9.827,9.63046,2024-07-25T10:55:00+00:00,2024-07-25T11:00:00+00:00,stop_loss_hit,11.301049999999998,9.63046,0.08,5.0,-2.0,-50.6,15.0,2.0,1.0,2.0,576.0,
14,RENDER,LONG,2024-07-26 09:00:34+00:00,2479.4536535809984,2625.7970601249735,2479.4536535809984,381.10262120826906,6.506,2024-07-26T09:05:00+00:00,6.89,2024-07-26T10:05:00+00:00,6.506,6.89,2024-07-26T09:05:00+00:00,2024-07-26T10:05:00+00:00,time_limit,7.4818999999999996,6.37588,1.0,60.0,5.9,146.34,15.0,2.0,1.0,13.0,576.0,
15,L3,LONG,2024-07-31 09:53:56+00:00,2625.7970601249735,2573.2811189224735,2625.7970601249735,26614.606326018384,0.09866,2024-07-31T09:55:00+00:00,0.09668679999999999,2024-07-31T10:25:00+00:00,0.09866,0.09668679999999999,2024-07-31T09:55:00+00:00,2024-07-31T10:25:00+00:00,stop_loss_hit,0.11345899999999999,0.09668679999999999,0.5,30.0,-2.0,-52.52,15.0,2.0,1.0,7.0,576.0,
16,MAX,,2024-08-06 10:08:01+00:00,,,,,,,,,,,,,,,,,,,,,,,,,failed_to_load_data
17,USDE,,2024-08-07 10:41:10+00:00,,,,,,,,,,,,,,,,,,,,,,,,,failed_to_load_data
18,PIXFI,,2024-08-08 09:59:08+00:00,,,,,,,,,,,,,,,,,,,,,,,,,failed_to_load_data
19,MOTHER,,2024-08-08 10:40:13+00:00,,,,,,,,,,,,,,,,,,,,,,,,,failed_to_load_data
20,NEIRO,,2024-08-15 10:01:50+00:00,,,,,,,,,,,,,,,,,,,,,,,,,failed_to_load_data
21,FDUSD,,2024-08-16 10:47:02+00:00,,,,,,,,,,,,,,,,,,,,,,,,,failed_to_load_data
22,SYS,,2024-08-20 10:26:54+00:00,,,,,,,,,,,,,,,,,,,,,,,,,failed_to_load_data
23,SYN,,2024-08-20 10:28:54+00:00,,,,,,,,,,,,,,,,,,,,,,,,,failed_to_load_data
24,VOXEL,,2024-08-21 11:27:01+00:00,,,,,,,,,,,,,,,,,,,,,,,,,failed_to_load_data
25,VIDT,,2024-08-26 08:53:56+00:00,,,,,,,,,,,,,,,,,,,,,,,,,failed_to_load_data
26,SUNDOG,LONG,2024-08-26 09:03:56+00:00,2573.2811189224735,2959.2732867608443,2573.2811189224735,9460.59234897968,0.272,2024-08-26T09:05:00+00:00,0.3128,2024-08-26T09:50:00+00:00,0.272,0.3128,2024-08-26T09:05:00+00:00,2024-08-26T09:50:00+00:00,target_hit,0.3128,0.26656,0.75,45.0,15.0,385.99,15.0,2.0,1.0,10.0,576.0,
27,DOGS,LONG,2024-08-26 13:37:45+00:00,2959.2732867608443,2900.087821025628,2959.2732867608443,2470178.035693526,0.001198,2024-08-26T13:40:00+00:00,0.0011740400000000001,2024-08-26T14:10:00+00:00,0.001198,0.0011740400000000001,2024-08-26T13:40:00+00:00,2024-08-26T14:10:00+00:00,stop_loss_hit,0.0013777,0.0011740400000000001,0.5,30.0,-2.0,-59.19,15.0,2.0,1.0,7.0,576.0,
28,NULS,,2024-08-27 10:44:00+00:00,,,,,,,,,,,,,,,,,,,,,,,,,failed_to_load_data
29,ORDER,LONG,2024-08-27 11:02:01+00:00,2900.087821025628,2842.086064605115,2900.087821025628,14064.44142107482,0.2062,2024-08-27T11:05:00+00:00,0.20207599999999998,2024-08-27T11:35:00+00:00,0.2062,0.20207599999999998,2024-08-27T11:05:00+00:00,2024-08-27T11:35:00+00:00,stop_loss_hit,0.23712999999999998,0.20207599999999998,0.5,30.0,-2.0,-58.0,15.0,2.0,1.0,7.0,576.0,
30,CHESS,LONG,2024-09-02 09:36:10+00:00,2842.086064605115,2895.193158036555,2842.086064605115,17131.320461754764,0.1659,2024-09-02T09:40:00+00:00,0.169,2024-09-02T10:40:00+00:00,0.1659,0.169,2024-09-02T09:40:00+00:00,2024-09-02T10:40:00+00:00,time_limit,0.19078499999999998,0.16258199999999998,1.0,60.0,1.87,53.11,15.0,2.0,1.0,13.0,576.0,
31,SLF,LONG,2024-09-03 09:36:07+00:00,2895.193158036555,2837.2892948758235,2895.193158036555,4744.662664760005,0.6102,2024-09-03T09:40:00+00:00,0.597996,2024-09-03T10:15:00+00:00,0.6102,0.597996,2024-09-03T09:40:00+00:00,2024-09-03T10:15:00+00:00,stop_loss_hit,0.7017299999999999,0.597996,0.58,35.0,-2.0,-57.9,15.0,2.0,1.0,8.0,576.0,
32,FLUX,LONG,2024-09-04 09:04:51+00:00,2837.2892948758235,2780.543508978307,2837.2892948758235,4642.161804443429,0.6112,2024-09-04T09:05:00+00:00,0.598976,2024-09-04T09:50:00+00:00,0.6112,0.598976,2024-09-04T09:05:00+00:00,2024-09-04T09:50:00+00:00,stop_loss_hit,0.70288,0.598976,0.75,45.0,-2.0,-56.75,15.0,2.0,1.0,10.0,576.0,
33,POL,LONG,2024-09-05 09:02:43+00:00,2780.543508978307,2850.777923589564,2780.543508978307,7393.096274869202,0.3761,2024-09-05T09:05:00+00:00,0.3856,2024-09-05T10:05:00+00:00,0.3761,0.3856,2024-09-05T09:05:00+00:00,2024-09-05T10:05:00+00:00,time_limit,0.4325149999999999,0.36857799999999996,1.0,60.0,2.53,70.23,15.0,2.0,1.0,13.0,576.0,
34,QUICK,LONG,2024-09-10 09:44:10+00:00,2850.777923589564,2885.718965190878,2850.777923589564,68511.84627708637,0.04161,2024-09-10T09:45:00+00:00,0.04212,2024-09-10T10:45:00+00:00,0.04161,0.04212,2024-09-10T09:45:00+00:00,2024-09-10T10:45:00+00:00,time_limit,0.0478515,0.0407778,1.0,60.0,1.23,34.94,15.0,2.0,1.0,13.0,576.0,
35,CAT,,2024-09-13 12:13:47+00:00,,,,,,,,,,,,,,,,,,,,,,,,,failed_to_load_data
36,NEIROCTO,,2024-09-16 11:50:02+00:00,,,,,,,,,,,,,,,,,,,,,,,,,failed_to_load_data
37,ALEO,LONG,2024-09-19 09:21:46+00:00,2885.718965190878,2828.0045858870603,2885.718965190878,874.2218683361743,3.3009,2024-09-19T09:25:00+00:00,3.234882,2024-09-19T09:30:00+00:00,3.3009,3.234882,2024-09-19T09:25:00+00:00,2024-09-19T09:30:00+00:00,stop_loss_hit,3.796035,3.234882,0.08,5.0,-2.0,-57.71,15.0,2.0,1.0,2.0,576.0,
38,PRIME,LONG,2024-09-30 09:00:06+00:00,2828.0045858870603,2771.4444941693187,2828.0045858870603,267.07003360912836,10.589,2024-09-30T09:05:00+00:00,10.37722,2024-09-30T09:10:00+00:00,10.589,10.37722,2024-09-30T09:05:00+00:00,2024-09-30T09:10:00+00:00,stop_loss_hit,12.177349999999999,10.37722,0.08,5.0,-2.0,-56.56,15.0,2.0,1.0,2.0,576.0,
39,MOODENG,LONG,2024-10-01 08:37:16+00:00,2771.4444941693187,2844.8643282757635,2771.4444941693187,12339.467917049504,0.2246,2024-10-01T08:40:00+00:00,0.23055,2024-10-01T09:40:00+00:00,0.2246,0.23055,2024-10-01T08:40:00+00:00,2024-10-01T09:40:00+00:00,time_limit,0.25828999999999996,0.220108,1.0,60.0,2.65,73.42,15.0,2.0,1.0,13.0,576.0,
40,GOMINING,,2024-10-02 08:47:26+00:00,,,,,,,,,,,,,,,,,,,,,,,,,failed_to_load_data
41,WHY,,2024-10-04 10:48:14+00:00,,,,,,,,,,,,,,,,,,,,,,,,,failed_to_load_data
42,PYR,LONG,2024-10-07 09:09:29+00:00,2844.8643282757635,2787.967041710248,2844.8643282757635,1012.0470751603569,2.811,2024-10-07T09:10:00+00:00,2.75478,2024-10-07T10:10:00+00:00,2.811,2.75478,2024-10-07T09:10:00+00:00,2024-10-07T10:10:00+00:00,stop_loss_hit,3.2326499999999996,2.75478,1.0,60.0,-2.0,-56.9,15.0,2.0,1.0,13.0,576.0,
43,KMNO,LONG,2024-10-09 10:04:57+00:00,2787.967041710248,2732.207700876043,2787.967041710248,32283.082928557757,0.08636,2024-10-09T10:05:00+00:00,0.08463280000000001,2024-10-09T10:25:00+00:00,0.08636,0.08463280000000001,2024-10-09T10:05:00+00:00,2024-10-09T10:25:00+00:00,stop_loss_hit,0.099314,0.08463280000000001,0.33,20.0,-2.0,-55.76,15.0,2.0,1.0,5.0,576.0,
44,CATS,,2024-10-11 09:42:08+00:00,,,,,,,,,,,,,,,,,,,,,,,,,failed_to_load_data
45,PUFFER,LONG,2024-10-14 13:12:28+00:00,2732.207700876043,3142.0388560074493,2732.207700876043,9053.040758369923,0.3018,2024-10-14T13:15:00+00:00,0.34707,2024-10-14T13:55:00+00:00,0.3018,0.34707,2024-10-14T13:15:00+00:00,2024-10-14T13:55:00+00:00,target_hit,0.34707,0.295764,0.67,40.0,15.0,409.83,15.0,2.0,1.0,9.0,576.0,
46,DBR,LONG,2024-10-17 11:48:54+00:00,3142.0388560074493,3079.1980788873,3142.0388560074493,100224.52491251832,0.03135,2024-10-17T11:50:00+00:00,0.030723000000000004,2024-10-17T12:00:00+00:00,0.03135,0.030723000000000004,2024-10-17T11:50:00+00:00,2024-10-17T12:00:00+00:00,stop_loss_hit,0.0360525,0.030723000000000004,0.17,10.0,-2.0,-62.84,15.0,2.0,1.0,3.0,576.0,
47,DEEP,LONG,2024-10-17 12:02:54+00:00,3079.1980788873,3192.3114777035685,3079.1980788873,96678.11864638304,0.03185,2024-10-17T12:05:00+00:00,0.03302,2024-10-17T13:05:00+00:00,0.03185,0.03302,2024-10-17T12:05:00+00:00,2024-10-17T13:05:00+00:00,time_limit,0.0366275,0.031213,1.0,60.0,3.67,113.11,15.0,2.0,1.0,13.0,576.0,
48,HPOS10I,LONG,2024-10-20 09:35:05+00:00,3192.3114777035685,3413.249675945126,3192.3114777035685,9819.475477402548,0.3251,2024-10-21T10:00:00+00:00,0.3476,2024-10-21T11:00:00+00:00,0.3251,0.3476,2024-10-21T10:00:00+00:00,2024-10-21T11:00:00+00:00,time_limit,0.37386499999999995,0.318598,1.0,60.0,6.92,220.94,15.0,2.0,1.0,13.0,284.0,
49,LUMIA,LONG,2024-10-25 09:20:39+00:00,3413.249675945126,3386.1125318784248,3413.249675945126,3015.238229633504,1.132,2024-10-25T09:25:00+00:00,1.123,2024-10-25T10:25:00+00:00,1.132,1.123,2024-10-25T09:25:00+00:00,2024-10-25T10:25:00+00:00,time_limit,1.3017999999999998,1.10936,1.0,60.0,-0.8,-27.14,15.0,2.0,1.0,13.0,576.0,
50,X,,2024-10-25 09:22:37+00:00,,,,,,,,,,,,,,,,,,,,,,,,,failed_to_load_data
51,KAIA,LONG,2024-11-01 09:36:01+00:00,3386.1125318784248,3318.390281240856,3386.1125318784248,24343.008856063443,0.1391,2024-11-01T09:40:00+00:00,0.136318,2024-11-01T10:25:00+00:00,0.1391,0.136318,2024-11-01T09:40:00+00:00,2024-11-01T10:25:00+00:00,stop_loss_hit,0.159965,0.136318,0.75,45.0,-2.0,-67.72,15.0,2.0,1.0,10.0,576.0,
52,VIRTUAL,,2024-11-01 09:44:02+00:00,,,,,,,,,,,,,,,,,,,,,,,,,failed_to_load_data
53,SWELL,,2024-11-07 11:32:01+00:00,,,,,,,,,,,,,,,,,,,,,,,,,failed_to_load_data
54,COW,LONG,2024-11-08 10:43:59+00:00,3318.390281240856,3345.1622883505042,3318.390281240856,6693.001777411972,0.4958,2024-11-08T10:45:00+00:00,0.4998,2024-11-08T11:45:00+00:00,0.4958,0.4998,2024-11-08T10:45:00+00:00,2024-11-08T11:45:00+00:00,time_limit,0.57017,0.485884,1.0,60.0,0.81,26.77,15.0,2.0,1.0,13.0,576.0,
55,PNUT,LONG,2024-11-11 07:11:29+00:00,3345.1622883505042,3846.9366316030796,3345.1622883505042,8782.2585674731,0.3809,2024-11-11T09:00:00+00:00,0.438035,2024-11-11T09:10:00+00:00,0.3809,0.438035,2024-11-11T09:00:00+00:00,2024-11-11T09:10:00+00:00,target_hit,0.438035,0.373282,0.17,10.0,15.0,501.77,15.0,2.0,1.0,3.0,555.0,
56,ACT,LONG,2024-11-11 07:31:31+00:00,3846.9366316030796,3769.997898971018,3846.9366316030796,11714.17975518599,0.3284,2024-11-11T09:00:00+00:00,0.321832,2024-11-11T09:05:00+00:00,0.3284,0.321832,2024-11-11T09:00:00+00:00,2024-11-11T09:05:00+00:00,stop_loss_hit,0.37766,0.321832,0.08,5.0,-2.0,-76.94,15.0,2.0,1.0,2.0,559.0,
57,FWOG,LONG,2024-11-12 09:51:47+00:00,3769.997898971018,3694.5979409915976,3769.997898971018,6045.9264529011125,0.62356,2024-11-12T09:55:00+00:00,0.6110888,2024-11-12T10:00:00+00:00,0.62356,0.6110888,2024-11-12T09:55:00+00:00,2024-11-12T10:00:00+00:00,stop_loss_hit,0.7170939999999999,0.6110888,0.08,5.0,-2.0,-75.4,15.0,2.0,1.0,2.0,576.0,
58,TROY,,2024-11-13 09:41:00+00:00,,,,,,,,,,,,,,,,,,,,,,,,,failed_to_load_data
59,TAI,,2024-11-14 07:02:01+00:00,,,,,,,,,,,,,,,,,,,,,,,,,failed_to_load_data
60,HIPPO,LONG,2024-11-14 09:58:18+00:00,3694.5979409915976,3620.7059821717658,3694.5979409915976,173049.08388719425,0.02135,2024-11-14T10:00:00+00:00,0.020923,2024-11-14T10:35:00+00:00,0.02135,0.020923,2024-11-14T10:00:00+00:00,2024-11-14T10:35:00+00:00,stop_loss_hit,0.024552499999999998,0.020923,0.58,35.0,-2.0,-73.89,15.0,2.0,1.0,8.0,576.0,
61,SD,LONG,2024-11-14 09:58:18+00:00,3620.7059821717658,3548.29186252833,3620.7059821717658,4757.201395574518,0.7611,2024-11-14T10:00:00+00:00,0.7458779999999999,2024-11-14T10:10:00+00:00,0.7611,0.7458779999999999,2024-11-14T10:00:00+00:00,2024-11-14T10:10:00+00:00,stop_loss_hit,0.875265,0.7458779999999999,0.17,10.0,-2.0,-72.41,15.0,2.0,1.0,3.0,576.0,
62,PROS,,2024-11-15 10:29:41+00:00,,,,,,,,,,,,,,,,,,,,,,,,,failed_to_load_data
63,BAN,LONG,2024-11-18 09:09:10+00:00,3548.29186252833,3477.3260252777636,3548.29186252833,13942.207711309744,0.2545,2024-11-18T09:10:00+00:00,0.24941,2024-11-18T09:25:00+00:00,0.2545,0.24941,2024-11-18T09:10:00+00:00,2024-11-18T09:25:00+00:00,stop_loss_hit,0.29267499999999996,0.24941,0.25,15.0,-2.0,-70.97,15.0,2.0,1.0,4.0,576.0,
64,RIFSOL,,2024-11-18 10:43:21+00:00,,,,,,,,,,,,,,,,,,,,,,,,,failed_to_load_data
65,PEAQ,LONG,2024-11-19 09:50:29+00:00,3477.3260252777636,3407.7795047722084,3477.3260252777636,12751.470573075774,0.2727,2024-11-19T09:55:00+00:00,0.267246,2024-11-19T10:00:00+00:00,0.2727,0.267246,2024-11-19T09:55:00+00:00,2024-11-19T10:00:00+00:00,stop_loss_hit,0.31360499999999997,0.267246,0.08,5.0,-2.0,-69.55,15.0,2.0,1.0,2.0,576.0,
66,LUCE,,2024-11-19 09:55:02+00:00,,,,,,,,,,,,,,,,,,,,,,,,,failed_to_load_data
67,OL,LONG,2024-11-21 10:26:54+00:00,3407.7795047722084,3676.571970144421,3407.7795047722084,31809.75921564649,0.10713,2024-11-21T10:30:00+00:00,0.11558,2024-11-21T11:30:00+00:00,0.10713,0.11558,2024-11-21T10:30:00+00:00,2024-11-21T11:30:00+00:00,time_limit,0.12319949999999999,0.1049874,1.0,60.0,7.89,268.79,15.0,2.0,1.0,13.0,576.0,
68,CHILLGUY,LONG,2024-11-21 10:28:54+00:00,3676.571970144421,3603.040530741532,3676.571970144421,8976.005786485402,0.4096,2024-11-21T10:30:00+00:00,0.401408,2024-11-21T10:35:00+00:00,0.4096,0.401408,2024-11-21T10:30:00+00:00,2024-11-21T10:35:00+00:00,stop_loss_hit,0.47103999999999996,0.401408,0.08,5.0,-2.0,-73.53,15.0,2.0,1.0,2.0,576.0,
69,MORPHO,LONG,2024-11-22 09:11:06+00:00,3603.040530741532,3530.9797201267015,3603.040530741532,3224.774483792654,1.1173,2024-11-22T09:15:00+00:00,1.094954,2024-11-22T09:30:00+00:00,1.1173,1.094954,2024-11-22T09:15:00+00:00,2024-11-22T09:30:00+00:00,stop_loss_hit,1.284895,1.094954,0.25,15.0,-2.0,-72.06,15.0,2.0,1.0,4.0,576.0,
70,ZRC,,2024-11-25 10:47:09+00:00,,,,,,,,,,,,,,,,,,,,,,,,,failed_to_load_data
71,CHEEMS,,2024-11-25 11:22:11+00:00,,,,,,,,,,,,,,,,,,,,,,,,,failed_to_load_data
72,THE,,2024-11-27 09:39:44+00:00,,,,,,,,,,,,,,,,,,,,,,,,,failed_to_load_data
73,BILLY,,2024-11-27 09:42:30+00:00,,,,,,,,,,,,,,,,,,,,,,,,,failed_to_load_data
74,MVL,LONG,2024-11-29 08:50:10+00:00,3530.9797201267015,3460.3601257241676,3530.9797201267015,555010.9588378972,0.006362,2024-11-29T08:55:00+00:00,0.00623476,2024-11-29T09:05:00+00:00,0.006362,0.00623476,2024-11-29T08:55:00+00:00,2024-11-29T09:05:00+00:00,stop_loss_hit,0.007316299999999999,0.00623476,0.17,10.0,-2.0,-70.62,15.0,2.0,1.0,3.0,576.0,
75,COOK,LONG,2024-12-02 09:20:03+00:00,3460.3601257241676,3979.4141445827922,3460.3601257241676,139474.4105491402,0.02481,2024-12-02T09:25:00+00:00,0.028531499999999998,2024-12-02T09:55:00+00:00,0.02481,0.028531499999999998,2024-12-02T09:25:00+00:00,2024-12-02T09:55:00+00:00,target_hit,0.028531499999999998,0.0243138,0.5,30.0,15.0,519.05,15.0,2.0,1.0,7.0,576.0,
76,GEMS,,2024-12-04 10:36:12+00:00,,,,,,,,,,,,,,,,,,,,,,,,,failed_to_load_data
77,TOSHI,,2024-12-05 10:10:04+00:00,,,,,,,,,,,,,,,,,,,,,,,,,failed_to_load_data
78,XION,,2024-12-05 10:50:05+00:00,,,,,,,,,,,,,,,,,,,,,,,,,failed_to_load_data
79,F,LONG,2024-12-06 10:41:04+00:00,3979.4141445827922,3899.825861691136,3979.4141445827922,38933.70653148217,0.10221,2024-12-06T10:45:00+00:00,0.1001658,2024-12-06T11:15:00+00:00,0.10221,0.1001658,2024-12-06T10:45:00+00:00,2024-12-06T11:15:00+00:00,stop_loss_hit,0.11754149999999998,0.1001658,0.5,30.0,-2.0,-79.59,15.0,2.0,1.0,7.0,576.0,
80,ACX,LONG,2024-12-06 10:43:06+00:00,3899.825861691136,3821.829344457313,3899.825861691136,2755.671185479887,1.4152,2024-12-06T10:45:00+00:00,1.386896,2024-12-06T11:05:00+00:00,1.4152,1.386896,2024-12-06T10:45:00+00:00,2024-12-06T11:05:00+00:00,stop_loss_hit,1.6274799999999998,1.386896,0.33,20.0,-2.0,-78.0,15.0,2.0,1.0,5.0,576.0,
81,MOVE,LONG,2024-12-09 12:31:04+00:00,3821.829344457313,3745.3927575681664,3821.829344457313,5559.024501028819,0.6875,2024-12-09T12:35:00+00:00,0.67375,2024-12-09T12:40:00+00:00,0.6875,0.67375,2024-12-09T12:35:00+00:00,2024-12-09T12:40:00+00:00,stop_loss_hit,0.7906249999999999,0.67375,0.08,5.0,-2.0,-76.44,15.0,2.0,1.0,2.0,576.0,
82,GIGA,LONG,2024-12-12 09:51:27+00:00,3745.3927575681664,3840.9056387783576,3745.3927575681664,53658.92202819722,0.0698,2024-12-12T09:55:00+00:00,0.07158,2024-12-12T10:55:00+00:00,0.0698,0.07158,2024-12-12T09:55:00+00:00,2024-12-12T10:55:00+00:00,time_limit,0.08027,0.068404,1.0,60.0,2.55,95.51,15.0,2.0,1.0,13.0,576.0,
83,URO,,2024-12-13 10:13:05+00:00,,,,,,,,,,,,,,,,,,,,,,,,,failed_to_load_data
84,VELODROME,,2024-12-13 10:14:26+00:00,,,,,,,,,,,,,,,,,,,,,,,,,failed_to_load_data
85,SEND,LONG,2024-12-13 10:16:09+00:00,3840.9056387783576,4262.59767226338,3840.9056387783576,1431.891454957634,2.6824,2024-12-13T10:20:00+00:00,2.9769,2024-12-13T11:20:00+00:00,2.6824,2.9769,2024-12-13T10:20:00+00:00,2024-12-13T11:20:00+00:00,time_limit,3.0847599999999997,2.628752,1.0,60.0,10.98,421.69,15.0,2.0,1.0,13.0,576.0,
86,AVA,LONG,2024-12-16 10:40:05+00:00,4262.59767226338,4177.345718818112,4262.59767226338,1843.1260743993516,2.3127,2024-12-16T10:45:00+00:00,2.2664459999999997,2024-12-16T10:55:00+00:00,2.3127,2.2664459999999997,2024-12-16T10:45:00+00:00,2024-12-16T10:55:00+00:00,stop_loss_hit,2.6596049999999996,2.2664459999999997,0.17,10.0,-2.0,-85.25,15.0,2.0,1.0,3.0,576.0,
87,VANA,,2024-12-16 12:10:06+00:00,,,,,,,,,,,,,,,,,,,,,,,,,failed_to_load_data
88,PENGU,LONG,2024-12-17 14:52:04+00:00,4177.345718818112,4093.7988044417493,4177.345718818112,103862.3997717084,0.04022,2024-12-17T14:55:00+00:00,0.039415599999999995,2024-12-17T15:00:00+00:00,0.04022,0.039415599999999995,2024-12-17T14:55:00+00:00,2024-12-17T15:00:00+00:00,stop_loss_hit,0.046252999999999996,0.039415599999999995,0.08,5.0,-2.0,-83.55,15.0,2.0,1.0,2.0,576.0,
89,BLUE,,2024-12-18 09:07:04+00:00,,,,,,,,,,,,,,,,,,,,,,,,,failed_to_load_data
90,AIXBT,LONG,2024-12-20 09:07:07+00:00,4093.7988044417493,4011.922828352914,4093.7988044417493,17136.0351797478,0.2389,2024-12-20T09:10:00+00:00,0.234122,2024-12-20T09:20:00+00:00,0.2389,0.234122,2024-12-20T09:10:00+00:00,2024-12-20T09:20:00+00:00,stop_loss_hit,0.274735,0.234122,0.17,10.0,-2.0,-81.88,15.0,2.0,1.0,3.0,576.0,
91,NS,LONG,2024-12-20 09:08:09+00:00,4011.922828352914,3931.684371785856,4011.922828352914,19811.964584458834,0.2025,2024-12-20T09:10:00+00:00,0.19845000000000002,2024-12-20T09:40:00+00:00,0.2025,0.19845000000000002,2024-12-20T09:10:00+00:00,2024-12-20T09:40:00+00:00,stop_loss_hit,0.232875,0.19845000000000002,0.5,30.0,-2.0,-80.24,15.0,2.0,1.0,7.0,576.0,
92,GRIFFAIN,LONG,2024-12-20 09:09:11+00:00,3931.684371785856,3853.050684350139,3931.684371785856,23320.982097312157,0.16859,2024-12-20T09:10:00+00:00,0.16521819999999998,2024-12-20T09:15:00+00:00,0.16859,0.16521819999999998,2024-12-20T09:10:00+00:00,2024-12-20T09:15:00+00:00,stop_loss_hit,0.19387849999999998,0.16521819999999998,0.08,5.0,-2.0,-78.63,15.0,2.0,1.0,2.0,576.0,
93,FARTCOIN,LONG,2024-12-20 09:24:25+00:00,3853.050684350139,3775.989670663136,3853.050684350139,3790.8802482783735,1.0164,2024-12-20T09:25:00+00:00,0.996072,2024-12-20T09:30:00+00:00,1.0164,0.996072,2024-12-20T09:25:00+00:00,2024-12-20T09:30:00+00:00,stop_loss_hit,1.1688599999999998,0.996072,0.08,5.0,-2.0,-77.06,15.0,2.0,1.0,2.0,576.0,
94,ZENT,,2024-12-23 09:37:51+00:00,,,,,,,,,,,,,,,,,,,,,,,,,failed_to_load_data
95,HIVE,LONG,2024-12-23 11:01:55+00:00,3775.989670663136,3700.469877249873,3775.989670663136,10314.093610115095,0.3661,2024-12-23T11:05:00+00:00,0.358778,2024-12-23T11:15:00+00:00,0.3661,0.358778,2024-12-23T11:05:00+00:00,2024-12-23T11:15:00+00:00,stop_loss_hit,0.421015,0.358778,0.17,10.0,-2.0,-75.52,15.0,2.0,1.0,3.0,576.0,
96,SOLO,LONG,2024-12-25 09:02:01+00:00,3700.469877249873,4255.540358837354,3700.469877249873,9361.168422084173,0.3953,2024-12-26T10:00:00+00:00,0.45459499999999997,2024-12-26T10:35:00+00:00,0.3953,0.45459499999999997,2024-12-26T10:00:00+00:00,2024-12-26T10:35:00+00:00,target_hit,0.45459499999999997,0.38739399999999996,0.58,35.0,15.0,555.07,15.0,2.0,1.0,8.0,277.0,
97,AI16Z,LONG,2024-12-30 08:30:44+00:00,4255.540358837354,4280.077273128503,4255.540358837354,3228.5413540985915,1.3181,2024-12-30T08:35:00+00:00,1.3257,2024-12-30T09:35:00+00:00,1.3181,1.3257,2024-12-30T08:35:00+00:00,2024-12-30T09:35:00+00:00,time_limit,1.515815,1.291738,1.0,60.0,0.58,24.54,15.0,2.0,1.0,13.0,576.0,
98,ZEREBRO,,2024-12-30 08:31:44+00:00,,,,,,,,,,,,,,,,,,,,,,,,,failed_to_load_data
99,FUEL,LONG,2024-12-31 13:13:19+00:00,4280.077273128503,4194.475727665933,4280.077273128503,59569.62105954772,0.07185,2024-12-31T13:15:00+00:00,0.07041299999999999,2024-12-31T13:20:00+00:00,0.07185,0.07041299999999999,2024-12-31T13:15:00+00:00,2024-12-31T13:20:00+00:00,stop_loss_hit,0.08262749999999999,0.07041299999999999,0.08,5.0,-2.0,-85.6,15.0,2.0,1.0,2.0,576.0,
100,ARC,LONG,2025-01-03 09:09:05+00:00,4194.475727665933,4110.586213112614,4194.475727665933,12700.526033022265,0.33026,2025-01-03T09:10:00+00:00,0.32365479999999996,2025-01-03T09:30:00+00:00,0.33026,0.32365479999999996,2025-01-03T09:10:00+00:00,2025-01-03T09:30:00+00:00,stop_loss_hit,0.37979899999999994,0.32365479999999996,0.33,20.0,-2.0,-83.89,15.0,2.0,1.0,5.0,576.0,
101,SWARMS,LONG,2025-01-06 09:01:54+00:00,4110.586213112614,4272.058127533754,4110.586213112614,11978.628666256598,0.34316,2025-01-06T09:05:00+00:00,0.35664,2025-01-06T10:05:00+00:00,0.34316,0.35664,2025-01-06T09:05:00+00:00,2025-01-06T10:05:00+00:00,time_limit,0.394634,0.3362968,1.0,60.0,3.93,161.47,15.0,2.0,1.0,13.0,576.0,
102,COOKIE,LONG,2025-01-07 08:03:00+00:00,4272.058127533754,4912.866846663816,4272.058127533754,7794.304191814912,0.5481,2025-01-07T08:05:00+00:00,0.630315,2025-01-07T08:55:00+00:00,0.5481,0.630315,2025-01-07T08:05:00+00:00,2025-01-07T08:55:00+00:00,target_hit,0.630315,0.537138,0.83,50.0,15.0,640.81,15.0,2.0,1.0,11.0,576.0,
103,ALCH,LONG,2025-01-07 08:05:00+00:00,4912.866846663816,5649.796873663388,4912.866846663816,28821.229887737984,0.17046,2025-01-07T08:05:00+00:00,0.19602899999999998,2025-01-07T08:55:00+00:00,0.17046,0.19602899999999998,2025-01-07T08:05:00+00:00,2025-01-07T08:55:00+00:00,target_hit,0.19602899999999998,0.1670508,0.83,50.0,15.0,736.93,15.0,2.0,1.0,11.0,577.0,
104,SONIC,LONG,2025-01-07 12:55:14+00:00,5649.796873663388,6497.2664047128965,5649.796873663388,7045.512998707306,0.8019,2025-01-07T13:00:00+00:00,0.9221849999999999,2025-01-07T13:15:00+00:00,0.8019,0.9221849999999999,2025-01-07T13:00:00+00:00,2025-01-07T13:15:00+00:00,target_hit,0.9221849999999999,0.785862,0.25,15.0,15.0,847.47,15.0,2.0,1.0,4.0,576.0,
105,AVAAI,LONG,2025-01-08 08:01:08+00:00,6497.2664047128965,7471.856365419831,6497.2664047128965,35442.21255025581,0.18332,2025-01-08T10:00:00+00:00,0.210818,2025-01-08T10:05:00+00:00,0.18332,0.210818,2025-01-08T10:00:00+00:00,2025-01-08T10:05:00+00:00,target_hit,0.210818,0.1796536,0.08,5.0,15.0,974.59,15.0,2.0,1.0,2.0,553.0,
106,REX,LONG,2025-01-09 08:02:19+00:00,7471.856365419831,8592.634820232804,7471.856365419831,174698.53554874516,0.04277,2025-01-09T10:00:00+00:00,0.0491855,2025-01-09T10:05:00+00:00,0.04277,0.0491855,2025-01-09T10:00:00+00:00,2025-01-09T10:05:00+00:00,target_hit,0.0491855,0.0419146,0.08,5.0,15.0,1120.78,15.0,2.0,1.0,2.0,553.0,
107,FLOCK,LONG,2025-01-09 08:02:19+00:00,8592.634820232804,9174.813977116586,8592.634820232804,27461.280985084064,0.3129,2025-01-09T10:00:00+00:00,0.3341,2025-01-09T11:00:00+00:00,0.3129,0.3341,2025-01-09T10:00:00+00:00,2025-01-09T11:00:00+00:00,time_limit,0.35983499999999996,0.306642,1.0,60.0,6.78,582.18,15.0,2.0,1.0,13.0,553.0,
108,CGPT,LONG,2025-01-10 11:04:35+00:00,9174.813977116586,8991.317697574254,9174.813977116586,27405.502052442156,0.33478,2025-01-10T11:05:00+00:00,0.3280844,2025-01-10T11:15:00+00:00,0.33478,0.3280844,2025-01-10T11:05:00+00:00,2025-01-10T11:15:00+00:00,stop_loss_hit,0.384997,0.3280844,0.17,10.0,-2.0,-183.5,15.0,2.0,1.0,3.0,576.0,
109,ALU,LONG,2025-01-14 08:02:04+00:00,8991.317697574254,9551.25050323894,8991.317697574254,57844.29810585598,0.15544,2025-01-14T10:00:00+00:00,0.16512,2025-01-14T11:00:00+00:00,0.15544,0.16512,2025-01-14T10:00:00+00:00,2025-01-14T11:00:00+00:00,time_limit,0.17875599999999997,0.1523312,1.0,60.0,6.23,559.93,15.0,2.0,1.0,13.0,553.0,
110,S,LONG,2025-01-15 09:04:58+00:00,9551.25050323894,9360.22549317416,9551.25050323894,13190.513055156664,0.7241,2025-01-15T09:10:00+00:00,0.709618,2025-01-15T09:25:00+00:00,0.7241,0.709618,2025-01-15T09:10:00+00:00,2025-01-15T09:25:00+00:00,stop_loss_hit,0.8327149999999999,0.709618,0.25,15.0,-2.0,-191.03,15.0,2.0,1.0,4.0,575.0,
111,VR,,2025-01-16 09:56:38+00:00,,,,,,,,,,,,,,,,,,,,,,,,,failed_to_load_data
112,DUCK,LONG,2025-01-16 10:38:28+00:00,9360.22549317416,10764.259317150285,9360.22549317416,766414.9261585327,0.012213,2025-01-16T10:45:00+00:00,0.014044949999999999,2025-01-16T11:05:00+00:00,0.012213,0.014044949999999999,2025-01-16T10:45:00+00:00,2025-01-16T11:05:00+00:00,target_hit,0.014044949999999999,0.01196874,0.33,20.0,15.0,1404.03,15.0,2.0,1.0,5.0,575.0,
113,W,,2025-01-17 08:00:01+00:00,,,,,,,,,,,,,,,,,,,,,,,,,failed_to_load_data
114,PIPPIN,LONG,2025-01-17 09:37:28+00:00,10764.259317150285,10548.974130807279,10764.259317150285,59441.48940941126,0.18109,2025-01-17T09:40:00+00:00,0.1774682,2025-01-17T10:10:00+00:00,0.18109,0.1774682,2025-01-17T09:40:00+00:00,2025-01-17T10:10:00+00:00,stop_loss_hit,0.20825349999999998,0.1774682,0.5,30.0,-2.0,-215.29,15.0,2.0,1.0,7.0,576.0,
115,SOLV,LONG,2025-01-17 10:32:19+00:00,10548.974130807279,10337.994648191134,10548.974130807279,72065.67926497663,0.14638,2025-01-17T10:35:00+00:00,0.1434524,2025-01-17T11:15:00+00:00,0.14638,0.1434524,2025-01-17T10:35:00+00:00,2025-01-17T11:15:00+00:00,stop_loss_hit,0.168337,0.1434524,0.67,40.0,-2.0,-210.98,15.0,2.0,1.0,9.0,576.0,
116,NC,LONG,2025-01-17 10:40:04+00:00,10337.994648191134,10131.234755227311,10337.994648191134,50446.46780945266,0.20493,2025-01-17T10:45:00+00:00,0.2008314,2025-01-17T11:00:00+00:00,0.20493,0.2008314,2025-01-17T10:45:00+00:00,2025-01-17T11:00:00+00:00,stop_loss_hit,0.23566949999999998,0.2008314,0.25,15.0,-2.0,-206.76,15.0,2.0,1.0,4.0,576.0,
117,TRUMP,,2025-01-18 13:27:44+00:00,,,,,,,,,,,,,,,,,,,,,,,,,failed_to_load_data
118,MELANIA,LONG,2025-01-20 05:22:08+00:00,10131.234755227311,9928.610060122764,10131.234755227311,940.0793129096513,10.777,2025-01-20T05:25:00+00:00,10.561459999999999,2025-01-20T05:30:00+00:00,10.777,10.561459999999999,2025-01-20T05:25:00+00:00,2025-01-20T05:30:00+00:00,stop_loss_hit,12.393549999999998,10.561459999999999,0.08,5.0,-2.0,-202.62,15.0,2.0,1.0,2.0,576.0,
119,WAXP,,2025-01-22 09:00:02+00:00,,,,,,,,,,,,,,,,,,,,,,,,,failed_to_load_data
120,BUZZ,,2025-01-22 09:58:37+00:00,,,,,,,,,,,,,,,,,,,,,,,,,failed_to_load_data
121,J,LONG,2025-01-22 12:03:55+00:00,9928.610060122764,9730.037858920308,9928.610060122764,14941.474883555704,0.6645,2025-01-22T12:05:00+00:00,0.65121,2025-01-22T12:35:00+00:00,0.6645,0.65121,2025-01-22T12:05:00+00:00,2025-01-22T12:35:00+00:00,stop_loss_hit,0.7641749999999999,0.65121,0.5,30.0,-2.0,-198.57,15.0,2.0,1.0,7.0,576.0,
122,VINE,,2025-01-23 11:52:59+00:00,,,,,,,,,,,,,,,,,,,,,,,,,failed_to_load_data
123,ANIME,LONG,2025-01-23 14:28:08+00:00,9730.037858920308,9535.437101741902,9730.037858920308,98631.9093656392,0.09865,2025-01-23T14:30:00+00:00,0.096677,2025-01-23T14:35:00+00:00,0.09865,0.096677,2025-01-23T14:30:00+00:00,2025-01-23T14:35:00+00:00,stop_loss_hit,0.11344749999999999,0.096677,0.08,5.0,-2.0,-194.6,15.0,2.0,1.0,2.0,576.0,
124,PLUME,LONG,2025-01-24 09:24:35+00:00,9535.437101741902,9344.728359707064,9535.437101741902,72128.87368942436,0.1322,2025-01-24T09:25:00+00:00,0.129556,2025-01-24T09:45:00+00:00,0.1322,0.129556,2025-01-24T09:25:00+00:00,2025-01-24T09:45:00+00:00,stop_loss_hit,0.15203,0.129556,0.33,20.0,-2.0,-190.71,15.0,2.0,1.0,5.0,576.0,
125,MICHI,LONG,2025-01-26 09:31:55+00:00,9344.728359707064,9157.833792512922,9344.728359707064,102083.55210516784,0.09154,2025-01-27T10:00:00+00:00,0.08970919999999999,2025-01-27T10:05:00+00:00,0.09154,0.08970919999999999,2025-01-27T10:00:00+00:00,2025-01-27T10:05:00+00:00,stop_loss_hit,0.10527099999999999,0.08970919999999999,0.08,5.0,-2.0,-186.89,15.0,2.0,1.0,2.0,283.0,
126,VVV,,2025-01-28 04:49:58+00:00,,,,,,,,,,,,,,,,,,,,,,,,,failed_to_load_data
127,BERA,LONG,2025-02-05 12:51:42+00:00,9157.833792512922,8974.677116662662,9157.833792512922,792.4743676456319,11.556,2025-02-06T13:35:00+00:00,11.324879999999999,2025-02-06T13:40:00+00:00,11.556,11.324879999999999,2025-02-06T13:35:00+00:00,2025-02-06T13:40:00+00:00,stop_loss_hit,13.289399999999999,11.324879999999999,0.08,5.0,-2.0,-183.16,15.0,2.0,1.0,2.0,576.0,
128,BERA,LONG,2025-02-06 13:32:18+00:00,8974.677116662662,8795.183574329409,8974.677116662662,776.6248802927191,11.556,2025-02-06T13:35:00+00:00,11.324879999999999,2025-02-06T13:40:00+00:00,11.556,11.324879999999999,2025-02-06T13:35:00+00:00,2025-02-06T13:40:00+00:00,stop_loss_hit,13.289399999999999,11.324879999999999,0.08,5.0,-2.0,-179.49,15.0,2.0,1.0,2.0,576.0,
129,TSTBSC,,2025-02-09 11:37:29+00:00,,,,,,,,,,,,,,,,,,,,,,,,,failed_to_load_data
130,ELON,,2025-02-10 09:49:08+00:00,,,,,,,,,,,,,,,,,,,,,,,,,failed_to_load_data
131,XDC,,2025-02-10 10:01:23+00:00,,,,,,,,,,,,,,,,,,,,,,,,,failed_to_load_data
132,SOLAYER,LONG,2025-02-11 14:22:19+00:00,8795.183574329409,8619.27990284282,8795.183574329409,8614.283618344181,1.021,2025-02-11T14:50:00+00:00,1.0005799999999998,2025-02-11T14:55:00+00:00,1.021,1.0005799999999998,2025-02-11T14:50:00+00:00,2025-02-11T14:55:00+00:00,stop_loss_hit,1.1741499999999998,1.0005799999999998,0.08,5.0,-2.0,-175.9,15.0,2.0,1.0,2.0,571.0,
133,B3,LONG,2025-02-12 10:33:27+00:00,8619.27990284282,8446.894304785963,8619.27990284282,716899.2683059818,0.012023,2025-02-12T10:35:00+00:00,0.011782540000000001,2025-02-12T10:40:00+00:00,0.012023,0.011782540000000001,2025-02-12T10:35:00+00:00,2025-02-12T10:40:00+00:00,stop_loss_hit,0.01382645,0.011782540000000001,0.08,5.0,-2.0,-172.39,15.0,2.0,1.0,2.0,576.0,
134,RONIN,LONG,2025-02-13 07:37:49+00:00,8446.894304785963,8277.956418690244,8446.894304785963,6886.990872226632,1.2265,2025-02-13T07:40:00+00:00,1.20197,2025-02-13T08:00:00+00:00,1.2265,1.20197,2025-02-13T07:40:00+00:00,2025-02-13T08:00:00+00:00,stop_loss_hit,1.4104749999999997,1.20197,0.33,20.0,-2.0,-168.94,15.0,2.0,1.0,5.0,576.0,
135,IP,LONG,2025-02-13 09:35:25+00:00,8277.956418690244,8112.3972903164395,8277.956418690244,3406.566427444545,2.43,2025-02-13T09:40:00+00:00,2.3814,2025-02-13T09:45:00+00:00,2.43,2.3814,2025-02-13T09:40:00+00:00,2025-02-13T09:45:00+00:00,stop_loss_hit,2.7944999999999998,2.3814,0.08,5.0,-2.0,-165.56,15.0,2.0,1.0,2.0,576.0,
136,HEI,LONG,2025-02-14 09:53:44+00:00,8112.3972903164395,8196.594986339482,8112.3972903164395,10144.300725667676,0.7997,2025-02-14T09:55:00+00:00,0.808,2025-02-14T10:55:00+00:00,0.7997,0.808,2025-02-14T09:55:00+00:00,2025-02-14T10:55:00+00:00,time_limit,0.9196549999999999,0.7837059999999999,1.0,60.0,1.04,84.2,15.0,2.0,1.0,13.0,576.0,
137,JAILSTOOL,,2025-02-14 10:28:20+00:00,,,,,,,,,,,,,,,,,,,,,,,,,failed_to_load_data
138,BROCCOLI,LONG,2025-02-14 12:29:59+00:00,8196.594986339482,9426.084234290403,8196.594986339482,53117.71749296534,0.15431,2025-02-14T12:35:00+00:00,0.1774565,2025-02-14T12:40:00+00:00,0.15431,0.1774565,2025-02-14T12:35:00+00:00,2025-02-14T12:40:00+00:00,target_hit,0.1774565,0.1512238,0.08,5.0,15.0,1229.49,15.0,2.0,1.0,2.0,575.0,
139,SHELL,LONG,2025-02-17 08:24:19+00:00,9426.084234290403,9237.562549604594,9426.084234290403,16165.467731590472,0.5831,2025-02-17T08:30:00+00:00,0.5714379999999999,2025-02-17T08:35:00+00:00,0.5831,0.5714379999999999,2025-02-17T08:30:00+00:00,2025-02-17T08:35:00+00:00,stop_loss_hit,0.6705649999999999,0.5714379999999999,0.08,5.0,-2.0,-188.52,15.0,2.0,1.0,2.0,575.0,
140,GPS,LONG,2025-02-18 08:29:30+00:00,9237.562549604594,9052.811298612502,9237.562549604594,80117.62835736855,0.1153,2025-02-18T08:35:00+00:00,0.112994,2025-02-18T08:40:00+00:00,0.1153,0.112994,2025-02-18T08:35:00+00:00,2025-02-18T08:40:00+00:00,stop_loss_hit,0.132595,0.112994,0.08,5.0,-2.0,-184.75,15.0,2.0,1.0,2.0,575.0,
141,AVL,LONG,2025-02-20 10:57:00+00:00,9052.811298612502,8871.755072640251,9052.811298612502,29373.170988359838,0.3082,2025-02-20T11:00:00+00:00,0.30203599999999997,2025-02-20T11:05:00+00:00,0.3082,0.30203599999999997,2025-02-20T11:00:00+00:00,2025-02-20T11:05:00+00:00,stop_loss_hit,0.35442999999999997,0.30203599999999997,0.08,5.0,-2.0,-181.06,15.0,2.0,1.0,2.0,576.0,
142,KAITO,LONG,2025-02-20 13:35:09+00:00,8871.755072640251,8694.319971187446,8871.755072640251,8053.5176766886825,1.1016,2025-02-20T13:40:00+00:00,1.0795679999999999,2025-02-20T14:00:00+00:00,1.1016,1.0795679999999999,2025-02-20T13:40:00+00:00,2025-02-20T14:00:00+00:00,stop_loss_hit,1.2668399999999997,1.0795679999999999,0.33,20.0,-2.0,-177.44,15.0,2.0,1.0,5.0,576.0,
143,CPOOL,LONG,2025-03-06 10:26:08+00:00,8694.319971187446,8520.433571763697,8694.319971187446,49422.009840765386,0.17592,2025-03-06T10:30:00+00:00,0.1724016,2025-03-06T10:35:00+00:00,0.17592,0.1724016,2025-03-06T10:30:00+00:00,2025-03-06T10:35:00+00:00,stop_loss_hit,0.202308,0.1724016,0.08,5.0,-2.0,-173.89,15.0,2.0,1.0,2.0,576.0,
144,XTER,,2025-03-06 10:36:49+00:00,,,,,,,,,,,,,,,,,,,,,,,,,failed_to_load_data
145,RED,LONG,2025-03-06 13:35:25+00:00,8520.433571763697,8350.024900328423,8520.433571763697,11918.357213265768,0.7149,2025-03-06T13:40:00+00:00,0.700602,2025-03-06T13:45:00+00:00,0.7149,0.700602,2025-03-06T13:40:00+00:00,2025-03-06T13:45:00+00:00,stop_loss_hit,0.822135,0.700602,0.08,5.0,-2.0,-170.41,15.0,2.0,1.0,2.0,576.0,
146,ROAM,LONG,2025-03-07 07:30:30+00:00,8350.024900328423,8183.024402321853,8350.024900328423,23053.630315649978,0.3622,2025-03-07T10:00:00+00:00,0.354956,2025-03-07T10:15:00+00:00,0.3622,0.354956,2025-03-07T10:00:00+00:00,2025-03-07T10:15:00+00:00,stop_loss_hit,0.41653,0.354956,0.25,15.0,-2.0,-167.0,15.0,2.0,1.0,4.0,547.0,
147,SERAPH,LONG,2025-03-11 08:25:47+00:00,8183.024402321853,8019.3639142754155,8183.024402321853,56287.139925174386,0.14538,2025-03-11T08:30:00+00:00,0.1424724,2025-03-11T08:40:00+00:00,0.14538,0.1424724,2025-03-11T08:30:00+00:00,2025-03-11T08:40:00+00:00,stop_loss_hit,0.167187,0.1424724,0.17,10.0,-2.0,-163.66,15.0,2.0,1.0,3.0,576.0,
148,ELX,LONG,2025-03-12 07:02:01+00:00,8019.3639142754155,7858.976635989907,8019.3639142754155,15260.445127070248,0.5255,2025-03-12T10:00:00+00:00,0.51499,2025-03-12T10:05:00+00:00,0.5255,0.51499,2025-03-12T10:00:00+00:00,2025-03-12T10:05:00+00:00,stop_loss_hit,0.6043249999999999,0.51499,0.08,5.0,-2.0,-160.39,15.0,2.0,1.0,2.0,541.0,
149,BMT,LONG,2025-03-13 08:40:18+00:00,7858.976635989907,7701.797103270109,7858.976635989907,94379.44801236829,0.08327,2025-03-13T08:50:00+00:00,0.0816046,2025-03-13T08:55:00+00:00,0.08327,0.0816046,2025-03-13T08:50:00+00:00,2025-03-13T08:55:00+00:00,stop_loss_hit,0.09576049999999998,0.0816046,0.08,5.0,-2.0,-157.18,15.0,2.0,1.0,2.0,575.0,
150,VIC,,2025-03-13 08:55:59+00:00,,,,,,,,,,,,,,,,,,,,,,,,,failed_to_load_data
151,EPIC,LONG,2025-03-14 08:25:47+00:00,7701.797103270109,7809.084301315266,7701.797103270109,5084.70132915436,1.5147,2025-03-14T08:30:00+00:00,1.5358,2025-03-14T09:30:00+00:00,1.5147,1.5358,2025-03-14T08:30:00+00:00,2025-03-14T09:30:00+00:00,time_limit,1.7419049999999998,1.484406,1.0,60.0,1.39,107.29,15.0,2.0,1.0,13.0,576.0,
152,MUBARAK,LONG,2025-03-17 07:59:49+00:00,7809.084301315266,7652.902615288961,7809.084301315266,63221.21357930105,0.12352,2025-03-17T08:05:00+00:00,0.12104960000000001,2025-03-17T08:15:00+00:00,0.12352,0.12104960000000001,2025-03-17T08:05:00+00:00,2025-03-17T08:15:00+00:00,stop_loss_hit,0.142048,0.12104960000000001,0.17,10.0,-2.0,-156.18,15.0,2.0,1.0,3.0,575.0,
153,FORM,LONG,2025-03-19 10:03:48+00:00,7652.902615288961,7499.844562983181,7652.902615288961,4106.956431946422,1.8634,2025-03-19T10:05:00+00:00,1.8261319999999999,2025-03-19T10:10:00+00:00,1.8634,1.8261319999999999,2025-03-19T10:05:00+00:00,2025-03-19T10:10:00+00:00,stop_loss_hit,2.1429099999999996,1.8261319999999999,0.08,5.0,-2.0,-153.06,15.0,2.0,1.0,2.0,576.0,
154,TUT,,2025-03-19 10:05:45+00:00,,,,,,,,,,,,,,,,,,,,,,,,,failed_to_load_data
155,BR,LONG,2025-03-20 13:32:48+00:00,7499.844562983181,7349.847671723517,7499.844562983181,50236.75104148423,0.14929,2025-03-20T13:35:00+00:00,0.1463042,2025-03-20T13:40:00+00:00,0.14929,0.1463042,2025-03-20T13:35:00+00:00,2025-03-20T13:40:00+00:00,stop_loss_hit,0.1716835,0.1463042,0.08,5.0,-2.0,-150.0,15.0,2.0,1.0,2.0,576.0,
156,SIREN,LONG,2025-03-22 03:25:38+00:00,7349.847671723517,8068.07099968232,7349.847671723517,86846.83530336189,0.08463,2025-03-22T03:30:00+00:00,0.0929,2025-03-22T04:30:00+00:00,0.08463,0.0929,2025-03-22T03:30:00+00:00,2025-03-22T04:30:00+00:00,time_limit,0.0973245,0.0829374,1.0,60.0,9.77,718.22,15.0,2.0,1.0,13.0,576.0,
157,NIL,LONG,2025-03-24 13:32:34+00:00,8068.07099968232,7906.709579688673,8068.07099968232,9933.601329330608,0.8122,2025-03-24T13:35:00+00:00,0.795956,2025-03-24T13:40:00+00:00,0.8122,0.795956,2025-03-24T13:35:00+00:00,2025-03-24T13:40:00+00:00,stop_loss_hit,0.9340299999999999,0.795956,0.08,5.0,-2.0,-161.36,15.0,2.0,1.0,2.0,576.0,
158,PARTI,LONG,2025-03-25 13:18:28+00:00,7906.709579688673,9092.716016641974,7906.709579688673,23722.50098916494,0.3333,2025-03-25T13:20:00+00:00,0.38329499999999994,2025-03-25T13:50:00+00:00,0.3333,0.38329499999999994,2025-03-25T13:20:00+00:00,2025-03-25T13:50:00+00:00,target_hit,0.38329499999999994,0.326634,0.5,30.0,15.0,1186.01,15.0,2.0,1.0,7.0,576.0,
159,WAL,,2025-03-27 10:27:33+00:00,,,,,,,,,,,,,,,,,,,,,,,,,failed_to_load_data
160,BANANAS31,LONG,2025-03-28 09:48:35+00:00,9092.716016641974,8910.861696309135,9092.716016641974,1624859.9029024257,0.005596,2025-03-28T09:50:00+00:00,0.0054840800000000006,2025-03-28T10:20:00+00:00,0.005596,0.0054840800000000006,2025-03-28T09:50:00+00:00,2025-03-28T10:20:00+00:00,stop_loss_hit,0.0064354,0.0054840800000000006,0.5,30.0,-2.0,-181.85,15.0,2.0,1.0,7.0,576.0,
161,GUN,LONG,2025-03-31 13:21:29+00:00,8910.861696309135,8732.644462382952,8910.861696309135,83772.32016836641,0.10637,2025-03-31T13:25:00+00:00,0.1042426,2025-03-31T13:30:00+00:00,0.10637,0.1042426,2025-03-31T13:25:00+00:00,2025-03-31T13:30:00+00:00,stop_loss_hit,0.1223255,0.1042426,0.08,5.0,-2.0,-178.22,15.0,2.0,1.0,2.0,576.0,
162,XAUT,,2025-04-03 11:45:33+00:00,,,,,,,,,,,,,,,,,,,,,,,,,failed_to_load_data
163,MLN,LONG,2025-04-09 08:26:18+00:00,8732.644462382952,8912.273162687166,8732.644462382952,960.5812850492744,9.091,2025-04-09T08:45:00+00:00,9.278,2025-04-09T09:45:00+00:00,9.091,9.278,2025-04-09T08:45:00+00:00,2025-04-09T09:45:00+00:00,time_limit,10.454649999999999,8.90918,1.0,60.0,2.06,179.63,15.0,2.0,1.0,13.0,573.0,
164,BABY,LONG,2025-04-10 10:27:46+00:00,8912.273162687166,8734.027699433424,8912.273162687166,99036.26139223432,0.08999,2025-04-10T10:30:00+00:00,0.0881902,2025-04-10T10:35:00+00:00,0.08999,0.0881902,2025-04-10T10:30:00+00:00,2025-04-10T10:35:00+00:00,stop_loss_hit,0.1034885,0.0881902,0.08,5.0,-2.0,-178.25,15.0,2.0,1.0,2.0,576.0,
165,PROMPT,LONG,2025-04-10 14:17:46+00:00,8734.027699433424,8559.347145444755,8734.027699433424,52287.04321978822,0.16704,2025-04-10T14:25:00+00:00,0.1636992,2025-04-10T14:30:00+00:00,0.16704,0.1636992,2025-04-10T14:25:00+00:00,2025-04-10T14:30:00+00:00,stop_loss_hit,0.192096,0.1636992,0.08,5.0,-2.0,-174.68,15.0,2.0,1.0,2.0,575.0,
166,PUMP,,2025-04-11 08:12:04+00:00,,,,,,,,,,,,,,,,,,,,,,,,,failed_to_load_data
167,RFC,LONG,2025-04-14 07:48:22+00:00,8559.347145444755,9303.089028482098,8559.347145444755,74299.88841531906,0.1152,2025-04-14T08:00:00+00:00,0.12521,2025-04-14T09:00:00+00:00,0.1152,0.12521,2025-04-14T08:00:00+00:00,2025-04-14T09:00:00+00:00,time_limit,0.13248,0.112896,1.0,60.0,8.69,743.74,15.0,2.0,1.0,13.0,574.0,
168,KERNEL,LONG,2025-04-14 12:25:04+00:00,9303.089028482098,10698.552382754411,9303.089028482098,27467.047618783872,0.3387,2025-04-14T12:30:00+00:00,0.389505,2025-04-14T13:10:00+00:00,0.3387,0.389505,2025-04-14T12:30:00+00:00,2025-04-14T13:10:00+00:00,target_hit,0.389505,0.331926,0.67,40.0,15.0,1395.46,15.0,2.0,1.0,9.0,576.0,
169,WCT,,2025-04-15 11:47:11+00:00,,,,,,,,,,,,,,,,,,,,,,,,,failed_to_load_data
170,FHE,LONG,2025-04-16 10:29:24+00:00,10698.552382754411,10839.60666420844,10698.552382754411,165946.21347532823,0.06447,2025-04-16T10:45:00+00:00,0.06532,2025-04-16T11:45:00+00:00,0.06447,0.06532,2025-04-16T10:45:00+00:00,2025-04-16T11:45:00+00:00,time_limit,0.0741405,0.0631806,1.0,60.0,1.32,141.05,15.0,2.0,1.0,13.0,573.0,
171,STO,LONG,2025-04-16 10:31:21+00:00,10839.60666420844,11107.067829329419,10839.60666420844,106135.38298451426,0.10213,2025-04-16T10:45:00+00:00,0.10465,2025-04-16T11:45:00+00:00,0.10213,0.10465,2025-04-16T10:45:00+00:00,2025-04-16T11:45:00+00:00,time_limit,0.11744949999999998,0.10008739999999999,1.0,60.0,2.47,267.46,15.0,2.0,1.0,13.0,574.0,
172,EPT,LONG,2025-04-21 12:43:24+00:00,11107.067829329419,10884.92647274283,11107.067829329419,569301.2726463054,0.01951,2025-04-21T12:50:00+00:00,0.0191198,2025-04-21T12:55:00+00:00,0.01951,0.0191198,2025-04-21T12:50:00+00:00,2025-04-21T12:55:00+00:00,stop_loss_hit,0.022436499999999998,0.0191198,0.08,5.0,-2.0,-222.14,15.0,2.0,1.0,2.0,575.0,
173,HYPER,LONG,2025-04-22 12:16:36+00:00,10884.92647274283,10667.227943287973,10884.92647274283,45184.41873284695,0.2409,2025-04-22T12:25:00+00:00,0.236082,2025-04-22T12:30:00+00:00,0.2409,0.236082,2025-04-22T12:25:00+00:00,2025-04-22T12:30:00+00:00,stop_loss_hit,0.277035,0.236082,0.08,5.0,-2.0,-217.7,15.0,2.0,1.0,2.0,575.0,
174,INIT,LONG,2025-04-24 11:23:20+00:00,10667.227943287973,10453.883384422214,10667.227943287973,15964.124428745843,0.6682,2025-04-24T11:25:00+00:00,0.654836,2025-04-24T11:30:00+00:00,0.6682,0.654836,2025-04-24T11:25:00+00:00,2025-04-24T11:30:00+00:00,stop_loss_hit,0.76843,0.654836,0.08,5.0,-2.0,-213.34,15.0,2.0,1.0,2.0,576.0,
175,OBT,LONG,2025-04-25 10:48:35+00:00,10453.883384422214,10501.04376059254,10453.883384422214,786006.2695054297,0.0133,2025-04-25T11:00:00+00:00,0.01336,2025-04-25T12:00:00+00:00,0.0133,0.01336,2025-04-25T11:00:00+00:00,2025-04-25T12:00:00+00:00,time_limit,0.015294999999999998,0.013033999999999999,1.0,60.0,0.45,47.16,15.0,2.0,1.0,13.0,574.0,
176,ZORA,,2025-04-25 11:08:11+00:00,,,,,,,,,,,,,,,,,,,,,,,,,failed_to_load_data
177,DARK,LONG,2025-04-27 07:05:05+00:00,10501.04376059254,10291.02288538069,10501.04376059254,301494.22223923454,0.03483,2025-04-27T07:10:00+00:00,0.0341334,2025-04-27T07:15:00+00:00,0.03483,0.0341334,2025-04-27T07:10:00+00:00,2025-04-27T07:15:00+00:00,stop_loss_hit,0.0400545,0.0341334,0.08,5.0,-2.0,-210.02,15.0,2.0,1.0,2.0,576.0,
178,CLANKER,LONG,2025-04-28 10:43:56+00:00,10291.02288538069,10085.202427673077,10291.02288538069,244.32627933002587,42.12,2025-04-28T10:50:00+00:00,41.2776,2025-04-28T10:55:00+00:00,42.12,41.2776,2025-04-28T10:50:00+00:00,2025-04-28T10:55:00+00:00,stop_loss_hit,48.437999999999995,41.2776,0.08,5.0,-2.0,-205.82,15.0,2.0,1.0,2.0,575.0,
179,SIGN,LONG,2025-04-28 11:17:06+00:00,10085.202427673077,9883.498379119615,10085.202427673077,130316.60973863649,0.07739,2025-04-28T11:20:00+00:00,0.0758422,2025-04-28T11:25:00+00:00,0.07739,0.0758422,2025-04-28T11:20:00+00:00,2025-04-28T11:25:00+00:00,stop_loss_hit,0.0889985,0.0758422,0.08,5.0,-2.0,-201.7,15.0,2.0,1.0,2.0,576.0,
180,PUNDIX,LONG,2025-04-30 11:53:25+00:00,9883.498379119615,9685.828411537223,9883.498379119615,18740.042432915463,0.5274,2025-04-30T12:00:00+00:00,0.516852,2025-04-30T13:00:00+00:00,0.5274,0.516852,2025-04-30T12:00:00+00:00,2025-04-30T13:00:00+00:00,stop_loss_hit,0.6065099999999999,0.516852,1.0,60.0,-2.0,-197.67,15.0,2.0,1.0,13.0,575.0,
181,HAEDAL,LONG,2025-04-30 11:56:51+00:00,9685.828411537223,11138.702673267806,9685.828411537223,120770.92782465366,0.0802,2025-04-30T12:05:00+00:00,0.09222999999999998,2025-04-30T12:10:00+00:00,0.0802,0.09222999999999998,2025-04-30T12:05:00+00:00,2025-04-30T12:10:00+00:00,target_hit,0.09222999999999998,0.07859599999999999,0.08,5.0,15.0,1452.87,15.0,2.0,1.0,2.0,575.0,
182,GORK,LONG,2025-05-05 10:32:05+00:00,11138.702673267806,10915.928619802451,11138.702673267806,157237.4742132666,0.07084,2025-05-05T10:35:00+00:00,0.0694232,2025-05-05T10:40:00+00:00,0.07084,0.0694232,2025-05-05T10:35:00+00:00,2025-05-05T10:40:00+00:00,stop_loss_hit,0.081466,0.0694232,0.08,5.0,-2.0,-222.77,15.0,2.0,1.0,2.0,576.0,
183,MILK,LONG,2025-05-06 11:29:54+00:00,10915.928619802451,11821.81481231718,10915.928619802451,90588.61925147263,0.1205,2025-05-06T11:40:00+00:00,0.1305,2025-05-06T12:40:00+00:00,0.1205,0.1305,2025-05-06T11:40:00+00:00,2025-05-06T12:40:00+00:00,time_limit,0.13857499999999998,0.11809,1.0,60.0,8.3,905.89,15.0,2.0,1.0,13.0,574.0,
184,OBOL,LONG,2025-05-07 11:34:45+00:00,11821.81481231718,11585.378516070836,11821.81481231718,32486.438066274193,0.3639,2025-05-07T11:45:00+00:00,0.356622,2025-05-07T11:50:00+00:00,0.3639,0.356622,2025-05-07T11:45:00+00:00,2025-05-07T11:50:00+00:00,stop_loss_hit,0.418485,0.356622,0.08,5.0,-2.0,-236.44,15.0,2.0,1.0,2.0,574.0,
185,BANK,LONG,2025-05-08 09:04:26+00:00,11585.378516070836,11886.378316255437,11585.378516070836,207586.0690928299,0.05581,2025-05-08T09:10:00+00:00,0.05726,2025-05-08T10:10:00+00:00,0.05581,0.05726,2025-05-08T09:10:00+00:00,2025-05-08T10:10:00+00:00,time_limit,0.06418149999999999,0.0546938,1.0,60.0,2.6,301.0,15.0,2.0,1.0,13.0,575.0,
186,SXT,,2025-05-08 13:23:30+00:00,,,,,,,,,,,,,,,,,,,,,,,,,failed_to_load_data
187,DOOD,LONG,2025-05-09 13:34:06+00:00,11886.378316255437,12360.529939289067,11886.378316255437,1629387.0207341244,0.007295,2025-05-09T13:40:00+00:00,0.007586,2025-05-09T14:40:00+00:00,0.007295,0.007586,2025-05-09T13:40:00+00:00,2025-05-09T14:40:00+00:00,time_limit,0.00838925,0.0071491,1.0,60.0,3.99,474.15,15.0,2.0,1.0,13.0,575.0,
188,SKYAI,LONG,2025-05-13 10:25:47+00:00,12360.529939289067,13120.356501431776,12360.529939289067,205358.53030883978,0.06019,2025-05-13T10:35:00+00:00,0.06389,2025-05-13T11:35:00+00:00,0.06019,0.06389,2025-05-13T10:35:00+00:00,2025-05-13T11:35:00+00:00,time_limit,0.06921849999999999,0.0589862,1.0,60.0,6.15,759.83,15.0,2.0,1.0,13.0,575.0,
189,LAUNCHCOIN,LONG,2025-05-14 09:09:57+00:00,13120.356501431776,12857.94937140314,13120.356501431776,69460.30229991939,0.18889,2025-05-14T10:00:00+00:00,0.1851122,2025-05-14T10:15:00+00:00,0.18889,0.1851122,2025-05-14T10:00:00+00:00,2025-05-14T10:15:00+00:00,stop_loss_hit,0.21722349999999999,0.1851122,0.25,15.0,-2.0,-262.41,15.0,2.0,1.0,4.0,566.0,
190,NXPC,LONG,2025-05-15 06:25:04+00:00,12857.94937140314,14786.64177711361,12857.94937140314,5316.277752171975,2.4186,2025-05-15T06:30:00+00:00,2.78139,2025-05-15T06:35:00+00:00,2.4186,2.78139,2025-05-15T06:30:00+00:00,2025-05-15T06:35:00+00:00,target_hit,2.78139,2.370228,0.08,5.0,15.0,1928.69,15.0,2.0,1.0,2.0,576.0,
191,SYRUP,,2025-05-19 07:48:36+00:00,,,,,,,,,,,,,,,,,,,,,,,,,failed_to_load_data
192,PRAI,LONG,2025-05-19 08:20:17+00:00,14786.64177711361,14969.01097306904,14786.64177711361,184211.30904589026,0.08027,2025-05-19T08:25:00+00:00,0.08126,2025-05-19T09:25:00+00:00,0.08027,0.08126,2025-05-19T08:25:00+00:00,2025-05-19T09:25:00+00:00,time_limit,0.09231049999999999,0.07866459999999999,1.0,60.0,1.23,182.37,15.0,2.0,1.0,13.0,576.0,
193,SAROS,LONG,2025-05-20 08:18:06+00:00,14969.01097306904,15729.713456941396,14969.01097306904,98409.11822410782,0.15211,2025-05-20T08:20:00+00:00,0.15984,2025-05-20T09:20:00+00:00,0.15211,0.15984,2025-05-20T08:20:00+00:00,2025-05-20T09:20:00+00:00,time_limit,0.17492649999999998,0.1490678,1.0,60.0,5.08,760.7,15.0,2.0,1.0,13.0,576.0,
194,AWE,LONG,2025-05-22 09:32:46+00:00,15729.713456941396,16038.228830570206,15729.713456941396,228529.90639170993,0.06883,2025-05-22T09:35:00+00:00,0.07018,2025-05-22T10:35:00+00:00,0.06883,0.07018,2025-05-22T09:35:00+00:00,2025-05-22T10:35:00+00:00,time_limit,0.0791545,0.0674534,1.0,60.0,1.96,308.52,15.0,2.0,1.0,13.0,576.0,
195,B,LONG,2025-05-23 06:18:10+00:00,16038.228830570206,15717.464253958802,16038.228830570206,55845.359624535,0.28719,2025-05-23T06:20:00+00:00,0.2814462,2025-05-23T06:25:00+00:00,0.28719,0.2814462,2025-05-23T06:20:00+00:00,2025-05-23T06:25:00+00:00,stop_loss_hit,0.33026849999999996,0.2814462,0.08,5.0,-2.0,-320.76,15.0,2.0,1.0,2.0,576.0,
196,SOON,LONG,2025-05-23 09:03:28+00:00,15717.464253958802,15403.114968879625,15717.464253958802,29015.071541367553,0.5417,2025-05-23T09:05:00+00:00,0.530866,2025-05-23T09:10:00+00:00,0.5417,0.530866,2025-05-23T09:05:00+00:00,2025-05-23T09:10:00+00:00,stop_loss_hit,0.6229549999999999,0.530866,0.08,5.0,-2.0,-314.35,15.0,2.0,1.0,2.0,576.0,
197,HUMA,LONG,2025-05-26 13:07:28+00:00,15403.114968879625,15095.052669502033,15403.114968879625,212427.45785242895,0.07251,2025-05-26T13:10:00+00:00,0.0710598,2025-05-26T13:25:00+00:00,0.07251,0.0710598,2025-05-26T13:10:00+00:00,2025-05-26T13:25:00+00:00,stop_loss_hit,0.0833865,0.0710598,0.25,15.0,-2.0,-308.06,15.0,2.0,1.0,4.0,576.0,
198,AGT,LONG,2025-05-28 06:32:38+00:00,15095.052669502033,15467.000209137053,15095.052669502033,436046.3536166743,0.034618,2025-05-28T06:35:00+00:00,0.035471,2025-05-28T07:35:00+00:00,0.034618,0.035471,2025-05-28T06:35:00+00:00,2025-05-28T07:35:00+00:00,time_limit,0.0398107,0.03392564,1.0,60.0,2.46,371.95,15.0,2.0,1.0,13.0,576.0,
199,A,LONG,2025-05-28 08:26:08+00:00,15467.000209137053,15157.660204954313,15467.000209137053,20066.165294677026,0.7708,2025-05-28T08:35:00+00:00,0.755384,2025-05-28T08:50:00+00:00,0.7708,0.755384,2025-05-28T08:35:00+00:00,2025-05-28T08:50:00+00:00,stop_loss_hit,0.88642,0.755384,0.25,15.0,-2.0,-309.34,15.0,2.0,1.0,4.0,575.0,
200,SOPH,LONG,2025-05-28 13:07:59+00:00,15157.660204954313,14854.507000855225,15157.660204954313,208038.15817944432,0.07286,2025-05-28T13:10:00+00:00,0.07140279999999999,2025-05-28T13:15:00+00:00,0.07286,0.07140279999999999,2025-05-28T13:10:00+00:00,2025-05-28T13:15:00+00:00,stop_loss_hit,0.08378899999999999,0.07140279999999999,0.08,5.0,-2.0,-303.15,15.0,2.0,1.0,2.0,576.0,
201,BDXN,LONG,2025-06-03 10:57:08+00:00,14854.507000855225,14557.41686083812,14854.507000855225,198377.4973404811,0.07488,2025-06-03T11:00:00+00:00,0.0733824,2025-06-03T11:25:00+00:00,0.07488,0.0733824,2025-06-03T11:00:00+00:00,2025-06-03T11:25:00+00:00,stop_loss_hit,0.086112,0.0733824,0.42,25.0,-2.0,-297.09,15.0,2.0,1.0,6.0,576.0,
202,LA,LONG,2025-06-05 05:54:38+00:00,14557.41686083812,14266.268523621358,14557.41686083812,10240.884179274091,1.4215,2025-06-05T06:00:00+00:00,1.39307,2025-06-05T06:05:00+00:00,1.4215,1.39307,2025-06-05T06:00:00+00:00,2025-06-05T06:05:00+00:00,stop_loss_hit,1.6347249999999998,1.39307,0.08,5.0,-2.0,-291.15,15.0,2.0,1.0,2.0,575.0,
203,B2,LONG,2025-06-09 09:22:17+00:00,14266.268523621358,14307.153405652154,14266.268523621358,25553.051269248357,0.5583,2025-06-09T09:25:00+00:00,0.5599,2025-06-09T10:25:00+00:00,0.5583,0.5599,2025-06-09T09:25:00+00:00,2025-06-09T10:25:00+00:00,time_limit,0.642045,0.547134,1.0,60.0,0.29,40.88,15.0,2.0,1.0,13.0,576.0,
204,SKATE,LONG,2025-06-09 10:23:29+00:00,14307.153405652154,14021.01033753911,14307.153405652154,180213.54585781778,0.07939,2025-06-09T10:25:00+00:00,0.0778022,2025-06-09T10:30:00+00:00,0.07939,0.0778022,2025-06-09T10:25:00+00:00,2025-06-09T10:30:00+00:00,stop_loss_hit,0.09129849999999999,0.0778022,0.08,5.0,-2.0,-286.14,15.0,2.0,1.0,2.0,576.0,
