csv_row_index,symbol,trade_type,first_message_timestamp,capital_before,capital_after,trade_amount,position_size,entry_price,entry_time,exit_price,exit_time,exit_reason,initial_profit_target_pct,final_profit_target_pct,target_extensions,stop_loss_pct,trailing_stop_pct,highest_price,highest_profit_pct,trailing_stop_price,hold_time_hours,hold_time_minutes,pnl_percent,pnl_amount,max_hold_hours,data_points_used,total_data_points,trade_log,error
0,IO,TRAILING_LONG,2024-06-11 14:49:01+00:00,2000.0,2048.7444608567207,2000.0,590.8419497784344,3.385,2024-06-11T14:50:00+00:00,3.4675,2024-06-11T15:05:00+00:00,trailing_stop,15.0,15.0,0.0,2.0,5.0,3.65,7.83,3.4675,0.25,15.0,2.44,48.74,1.0,4.0,576.0,[],
1,GME,,2024-06-11 15:10:01+00:00,,,,,,,,,,,,,,,,,,,,,,,,,,failed_to_load_data
2,DOP1,,2024-07-10 09:53:23+00:00,,,,,,,,,,,,,,,,,,,,,,,,,,failed_to_load_data
3,MOCA,TRAILING_LONG,2024-07-12 10:53:49+00:00,2048.7444608567207,2191.5378963791186,2048.7444608567207,17778.067171613337,0.11524,2024-07-12T10:55:00+00:00,0.12327199999999998,2024-07-12T11:00:00+00:00,trailing_stop,15.0,25.0,1.0,2.0,5.0,0.12976,12.6,0.12327199999999998,0.08,5.0,6.97,142.79,1.0,2.0,576.0,"[{'time': '2024-07-12T11:00:00+00:00', 'price': 0.12976, 'action': 'target_extended', 'old_target': 15.0, 'new_target': 25.0, 'current_profit': 12.599791738979512}]",
4,AERO,TRAILING_LONG,2024-07-15 09:45:38+00:00,2191.5378963791186,2191.5378963791186,2191.5378963791186,2692.3069980087453,0.814,2024-07-15T09:50:00+00:00,0.814,2024-07-15T09:55:00+00:00,trailing_stop,15.0,15.0,0.0,2.0,5.0,0.818,0.49,0.814,0.08,5.0,0.0,0.0,1.0,2.0,576.0,[],
5,PRCL,TRAILING_LONG,2024-07-17 10:11:30+00:00,2191.5378963791186,2147.707138451536,2191.5378963791186,8027.611342048053,0.273,2024-07-17T10:15:00+00:00,0.26754,2024-07-17T10:20:00+00:00,stop_loss,15.0,15.0,0.0,2.0,5.0,0.2752,0.81,0.273,0.08,5.0,-2.0,-43.83,1.0,2.0,576.0,[],
6,CLOUD,TRAILING_LONG,2024-07-19 10:14:45+00:00,2147.707138451536,2104.7529956825056,2147.707138451536,6859.492617219854,0.3131,2024-07-19T10:15:00+00:00,0.306838,2024-07-19T10:20:00+00:00,stop_loss,15.0,15.0,0.0,2.0,5.0,0.3131,0.0,0.3131,0.08,5.0,-2.0,-42.95,1.0,2.0,576.0,[],
7,UXLINK,,2024-07-19 10:25:46+00:00,,,,,,,,,,,,,,,,,,,,,,,,,,failed_to_load_data
8,BANANA,TRAILING_LONG,2024-07-19 11:36:52+00:00,2104.7529956825056,2104.7529956825056,2104.7529956825056,30.803216726170525,68.329,2024-07-19T11:40:00+00:00,68.329,2024-07-19T11:50:00+00:00,trailing_stop,15.0,15.0,0.0,2.0,5.0,69.506,1.72,68.329,0.17,10.0,0.0,0.0,1.0,3.0,576.0,[],
9,PIRATE,,2024-07-22 11:15:28+00:00,,,,,,,,,,,,,,,,,,,,,,,,,,failed_to_load_data
10,A8,TRAILING_LONG,2024-07-22 12:06:33+00:00,2104.7529956825056,2104.7529956825056,2104.7529956825056,8880.814327774286,0.237,2024-07-22T12:10:00+00:00,0.237,2024-07-22T12:30:00+00:00,trailing_stop,15.0,15.0,0.0,2.0,5.0,0.244,2.95,0.237,0.33,20.0,0.0,0.0,1.0,5.0,576.0,[],
11,AVAIL,TRAILING_LONG,2024-07-23 15:20:13+00:00,2104.7529956825056,2104.7529956825056,2104.7529956825056,14489.556627306249,0.14526,2024-07-23T15:25:00+00:00,0.14526,2024-07-23T16:00:00+00:00,trailing_stop,15.0,15.0,0.0,2.0,5.0,0.14923,2.73,0.14526,0.58,35.0,0.0,0.0,1.0,8.0,576.0,[],
12,G,TRAILING_LONG,2024-07-25 10:40:21+00:00,2104.7529956825056,2149.4585400626383,2104.7529956825056,39915.66462511863,0.05273,2024-07-25T10:45:00+00:00,0.05385,2024-07-25T11:45:00+00:00,time_limit,15.0,15.0,0.0,2.0,5.0,0.05479,3.91,0.05273,1.0,60.0,2.12,44.71,1.0,13.0,576.0,[],
13,DEXE,TRAILING_LONG,2024-07-25 10:52:21+00:00,2149.4585400626383,2106.4693692613855,2149.4585400626383,218.72988094664072,9.827,2024-07-25T10:55:00+00:00,9.63046,2024-07-25T11:00:00+00:00,stop_loss,15.0,15.0,0.0,2.0,5.0,9.827,0.0,9.827,0.08,5.0,-2.0,-42.99,1.0,2.0,576.0,[],
14,RENDER,TRAILING_LONG,2024-07-26 09:00:34+00:00,2106.4693692613855,2106.4693692613855,2106.4693692613855,323.7733429544091,6.506,2024-07-26T09:05:00+00:00,6.506,2024-07-26T09:10:00+00:00,trailing_stop,15.0,15.0,0.0,2.0,5.0,6.519,0.2,6.506,0.08,5.0,0.0,0.0,1.0,2.0,576.0,[],
15,L3,TRAILING_LONG,2024-07-31 09:53:56+00:00,2106.4693692613855,2106.4693692613855,2106.4693692613855,21350.794336725983,0.09866,2024-07-31T09:55:00+00:00,0.09866,2024-07-31T10:00:00+00:00,trailing_stop,15.0,15.0,0.0,2.0,5.0,0.10233,3.72,0.09866,0.08,5.0,0.0,0.0,1.0,2.0,576.0,[],
16,MAX,,2024-08-06 10:08:01+00:00,,,,,,,,,,,,,,,,,,,,,,,,,,failed_to_load_data
17,USDE,,2024-08-07 10:41:10+00:00,,,,,,,,,,,,,,,,,,,,,,,,,,failed_to_load_data
18,PIXFI,,2024-08-08 09:59:08+00:00,,,,,,,,,,,,,,,,,,,,,,,,,,failed_to_load_data
19,MOTHER,,2024-08-08 10:40:13+00:00,,,,,,,,,,,,,,,,,,,,,,,,,,failed_to_load_data
20,NEIRO,,2024-08-15 10:01:50+00:00,,,,,,,,,,,,,,,,,,,,,,,,,,failed_to_load_data
21,FDUSD,,2024-08-16 10:47:02+00:00,,,,,,,,,,,,,,,,,,,,,,,,,,failed_to_load_data
22,SYS,,2024-08-20 10:26:54+00:00,,,,,,,,,,,,,,,,,,,,,,,,,,failed_to_load_data
23,SYN,,2024-08-20 10:28:54+00:00,,,,,,,,,,,,,,,,,,,,,,,,,,failed_to_load_data
24,VOXEL,,2024-08-21 11:27:01+00:00,,,,,,,,,,,,,,,,,,,,,,,,,,failed_to_load_data
25,VIDT,,2024-08-26 08:53:56+00:00,,,,,,,,,,,,,,,,,,,,,,,,,,failed_to_load_data
26,SUNDOG,TRAILING_LONG,2024-08-26 09:03:56+00:00,2106.4693692613855,2190.960475212274,2106.4693692613855,7744.372681108034,0.272,2024-08-26T09:05:00+00:00,0.28291,2024-08-26T09:10:00+00:00,trailing_stop,15.0,15.0,0.0,2.0,5.0,0.2978,9.49,0.28291,0.08,5.0,4.01,84.49,1.0,2.0,576.0,[],
27,DOGS,TRAILING_LONG,2024-08-26 13:37:45+00:00,2190.960475212274,2190.960475212274,2190.960475212274,1828848.4768049032,0.001198,2024-08-26T13:40:00+00:00,0.001198,2024-08-26T13:45:00+00:00,trailing_stop,15.0,15.0,0.0,2.0,5.0,0.001224,2.17,0.001198,0.08,5.0,0.0,0.0,1.0,2.0,576.0,[],
28,NULS,,2024-08-27 10:44:00+00:00,,,,,,,,,,,,,,,,,,,,,,,,,,failed_to_load_data
29,ORDER,TRAILING_LONG,2024-08-27 11:02:01+00:00,2190.960475212274,2190.960475212274,2190.960475212274,10625.414525762726,0.2062,2024-08-27T11:05:00+00:00,0.2062,2024-08-27T11:10:00+00:00,trailing_stop,15.0,15.0,0.0,2.0,5.0,0.2074,0.58,0.2062,0.08,5.0,0.0,0.0,1.0,2.0,576.0,[],
30,CHESS,TRAILING_LONG,2024-09-02 09:36:10+00:00,2190.960475212274,2190.960475212274,2190.960475212274,13206.512810200567,0.1659,2024-09-02T09:40:00+00:00,0.1659,2024-09-02T09:55:00+00:00,trailing_stop,15.0,15.0,0.0,2.0,5.0,0.1687,1.69,0.1659,0.25,15.0,0.0,0.0,1.0,4.0,576.0,[],
31,SLF,TRAILING_LONG,2024-09-03 09:36:07+00:00,2190.960475212274,2190.960475212274,2190.960475212274,3590.5612507575784,0.6102,2024-09-03T09:40:00+00:00,0.6102,2024-09-03T09:55:00+00:00,trailing_stop,15.0,15.0,0.0,2.0,5.0,0.612,0.29,0.6102,0.25,15.0,0.0,0.0,1.0,4.0,576.0,[],
32,FLUX,TRAILING_LONG,2024-09-04 09:04:51+00:00,2190.960475212274,2147.1412657080286,2190.960475212274,3584.6866413813386,0.6112,2024-09-04T09:05:00+00:00,0.598976,2024-09-04T09:50:00+00:00,stop_loss,15.0,15.0,0.0,2.0,5.0,0.6112,0.0,0.6112,0.75,45.0,-2.0,-43.82,1.0,10.0,576.0,[],
33,POL,TRAILING_LONG,2024-09-05 09:02:43+00:00,2147.1412657080286,2147.1412657080286,2147.1412657080286,5708.963748226612,0.3761,2024-09-05T09:05:00+00:00,0.3761,2024-09-05T09:10:00+00:00,trailing_stop,15.0,15.0,0.0,2.0,5.0,0.3784,0.61,0.3761,0.08,5.0,0.0,0.0,1.0,2.0,576.0,[],
34,QUICK,TRAILING_LONG,2024-09-10 09:44:10+00:00,2147.1412657080286,2147.1412657080286,2147.1412657080286,51601.568510166515,0.04161,2024-09-10T09:45:00+00:00,0.04161,2024-09-10T09:50:00+00:00,trailing_stop,15.0,15.0,0.0,2.0,5.0,0.04164,0.07,0.04161,0.08,5.0,0.0,0.0,1.0,2.0,576.0,[],
35,CAT,,2024-09-13 12:13:47+00:00,,,,,,,,,,,,,,,,,,,,,,,,,,failed_to_load_data
36,NEIROCTO,,2024-09-16 11:50:02+00:00,,,,,,,,,,,,,,,,,,,,,,,,,,failed_to_load_data
37,ALEO,TRAILING_LONG,2024-09-19 09:21:46+00:00,2147.1412657080286,2104.198440393868,2147.1412657080286,650.4714670871667,3.3009,2024-09-19T09:25:00+00:00,3.234882,2024-09-19T09:30:00+00:00,stop_loss,15.0,15.0,0.0,2.0,5.0,3.3009,0.0,3.3009,0.08,5.0,-2.0,-42.94,1.0,2.0,576.0,[],
38,PRIME,TRAILING_LONG,2024-09-30 09:00:06+00:00,2104.198440393868,2062.1144715859905,2104.198440393868,198.715501028791,10.589,2024-09-30T09:05:00+00:00,10.37722,2024-09-30T09:10:00+00:00,stop_loss,15.0,15.0,0.0,2.0,5.0,10.594,0.05,10.589,0.08,5.0,-2.0,-42.08,1.0,2.0,576.0,[],
39,MOODENG,TRAILING_LONG,2024-10-01 08:37:16+00:00,2062.1144715859905,2111.6474527712376,2062.1144715859905,9181.275474559174,0.2246,2024-10-01T08:40:00+00:00,0.229995,2024-10-01T08:45:00+00:00,trailing_stop,15.0,15.0,0.0,2.0,5.0,0.2421,7.79,0.229995,0.08,5.0,2.4,49.53,1.0,2.0,576.0,[],
40,GOMINING,,2024-10-02 08:47:26+00:00,,,,,,,,,,,,,,,,,,,,,,,,,,failed_to_load_data
41,WHY,,2024-10-04 10:48:14+00:00,,,,,,,,,,,,,,,,,,,,,,,,,,failed_to_load_data
42,PYR,TRAILING_LONG,2024-10-07 09:09:29+00:00,2111.6474527712376,2111.6474527712376,2111.6474527712376,751.2086278090493,2.811,2024-10-07T09:10:00+00:00,2.811,2024-10-07T09:15:00+00:00,trailing_stop,15.0,15.0,0.0,2.0,5.0,2.819,0.28,2.811,0.08,5.0,0.0,0.0,1.0,2.0,576.0,[],
43,KMNO,TRAILING_LONG,2024-10-09 10:04:57+00:00,2111.6474527712376,2111.6474527712376,2111.6474527712376,24451.684260898997,0.08636,2024-10-09T10:05:00+00:00,0.08636,2024-10-09T10:10:00+00:00,trailing_stop,15.0,15.0,0.0,2.0,5.0,0.08665,0.34,0.08636,0.08,5.0,0.0,0.0,1.0,2.0,576.0,[],
44,CATS,,2024-10-11 09:42:08+00:00,,,,,,,,,,,,,,,,,,,,,,,,,,failed_to_load_data
45,PUFFER,TRAILING_LONG,2024-10-14 13:12:28+00:00,2111.6474527712376,2111.6474527712376,2111.6474527712376,6996.843779891443,0.3018,2024-10-14T13:15:00+00:00,0.3018,2024-10-14T13:20:00+00:00,trailing_stop,15.0,15.0,0.0,2.0,5.0,0.31,2.72,0.3018,0.08,5.0,0.0,0.0,1.0,2.0,576.0,[],
46,DBR,TRAILING_LONG,2024-10-17 11:48:54+00:00,2111.6474527712376,2133.403820466456,2111.6474527712376,67357.17552699322,0.03135,2024-10-17T11:50:00+00:00,0.031673,2024-10-17T11:55:00+00:00,trailing_stop,15.0,15.0,0.0,2.0,5.0,0.03334,6.35,0.031673,0.08,5.0,1.03,21.76,1.0,2.0,576.0,[],
47,DEEP,TRAILING_LONG,2024-10-17 12:02:54+00:00,2133.403820466456,2133.403820466456,2133.403820466456,66982.85150601118,0.03185,2024-10-17T12:05:00+00:00,0.03185,2024-10-17T12:10:00+00:00,trailing_stop,15.0,15.0,0.0,2.0,5.0,0.03239,1.7,0.03185,0.08,5.0,0.0,0.0,1.0,2.0,576.0,[],
48,HPOS10I,TRAILING_LONG,2024-10-20 09:35:05+00:00,2133.403820466456,2200.667398318751,2133.403820466456,6562.300278272704,0.3251,2024-10-21T10:00:00+00:00,0.33535,2024-10-21T10:05:00+00:00,trailing_stop,15.0,15.0,0.0,2.0,5.0,0.353,8.58,0.33535,0.08,5.0,3.15,67.26,1.0,2.0,284.0,[],
49,LUMIA,TRAILING_LONG,2024-10-25 09:20:39+00:00,2200.667398318751,2200.667398318751,2200.667398318751,1944.052472013031,1.132,2024-10-25T09:25:00+00:00,1.132,2024-10-25T09:30:00+00:00,trailing_stop,15.0,15.0,0.0,2.0,5.0,1.144,1.06,1.132,0.08,5.0,0.0,0.0,1.0,2.0,576.0,[],
50,X,,2024-10-25 09:22:37+00:00,,,,,,,,,,,,,,,,,,,,,,,,,,failed_to_load_data
51,KAIA,TRAILING_LONG,2024-11-01 09:36:01+00:00,2200.667398318751,2200.667398318751,2200.667398318751,15820.757716166434,0.1391,2024-11-01T09:40:00+00:00,0.1391,2024-11-01T09:45:00+00:00,trailing_stop,15.0,15.0,0.0,2.0,5.0,0.1401,0.72,0.1391,0.08,5.0,0.0,0.0,1.0,2.0,576.0,[],
52,VIRTUAL,,2024-11-01 09:44:02+00:00,,,,,,,,,,,,,,,,,,,,,,,,,,failed_to_load_data
53,SWELL,,2024-11-07 11:32:01+00:00,,,,,,,,,,,,,,,,,,,,,,,,,,failed_to_load_data
54,COW,TRAILING_LONG,2024-11-08 10:43:59+00:00,2200.667398318751,2200.667398318751,2200.667398318751,4438.619197899861,0.4958,2024-11-08T10:45:00+00:00,0.4958,2024-11-08T10:50:00+00:00,trailing_stop,15.0,15.0,0.0,2.0,5.0,0.4964,0.12,0.4958,0.08,5.0,0.0,0.0,1.0,2.0,576.0,[],
55,PNUT,TRAILING_LONG,2024-11-11 07:11:29+00:00,2200.667398318751,2305.240986949807,2200.667398318751,5777.546333207538,0.3809,2024-11-11T09:00:00+00:00,0.39899999999999997,2024-11-11T09:05:00+00:00,trailing_stop,15.0,15.0,0.0,2.0,5.0,0.42,10.27,0.39899999999999997,0.08,5.0,4.75,104.57,1.0,2.0,555.0,[],
56,ACT,TRAILING_LONG,2024-11-11 07:31:31+00:00,2305.240986949807,2259.136167210811,2305.240986949807,7019.61323675337,0.3284,2024-11-11T09:00:00+00:00,0.321832,2024-11-11T09:05:00+00:00,stop_loss,15.0,15.0,0.0,2.0,5.0,0.3308,0.73,0.3284,0.08,5.0,-2.0,-46.1,1.0,2.0,559.0,[],
57,FWOG,TRAILING_LONG,2024-11-12 09:51:47+00:00,2259.136167210811,2213.9534438665946,2259.136167210811,3622.965179310429,0.62356,2024-11-12T09:55:00+00:00,0.6110888,2024-11-12T10:00:00+00:00,stop_loss,15.0,15.0,0.0,2.0,5.0,0.62356,0.0,0.62356,0.08,5.0,-2.0,-45.18,1.0,2.0,576.0,[],
58,TROY,,2024-11-13 09:41:00+00:00,,,,,,,,,,,,,,,,,,,,,,,,,,failed_to_load_data
59,TAI,,2024-11-14 07:02:01+00:00,,,,,,,,,,,,,,,,,,,,,,,,,,failed_to_load_data
60,HIPPO,TRAILING_LONG,2024-11-14 09:58:18+00:00,2213.9534438665946,2349.5386489183775,2213.9534438665946,103698.05357688968,0.02135,2024-11-14T10:00:00+00:00,0.022657499999999997,2024-11-14T10:15:00+00:00,trailing_stop,15.0,15.0,0.0,2.0,5.0,0.02385,11.71,0.022657499999999997,0.25,15.0,6.12,135.59,1.0,4.0,576.0,[],
61,SD,TRAILING_LONG,2024-11-14 09:58:18+00:00,2349.5386489183775,2349.5386489183775,2349.5386489183775,3087.0301523037415,0.7611,2024-11-14T10:00:00+00:00,0.7611,2024-11-14T10:05:00+00:00,trailing_stop,15.0,15.0,0.0,2.0,5.0,0.7642,0.41,0.7611,0.08,5.0,0.0,0.0,1.0,2.0,576.0,[],
62,PROS,,2024-11-15 10:29:41+00:00,,,,,,,,,,,,,,,,,,,,,,,,,,failed_to_load_data
63,BAN,TRAILING_LONG,2024-11-18 09:09:10+00:00,2349.5386489183775,2349.5386489183775,2349.5386489183775,9231.978974139007,0.2545,2024-11-18T09:10:00+00:00,0.2545,2024-11-18T09:15:00+00:00,trailing_stop,15.0,15.0,0.0,2.0,5.0,0.2605,2.36,0.2545,0.08,5.0,0.0,0.0,1.0,2.0,576.0,[],
64,RIFSOL,,2024-11-18 10:43:21+00:00,,,,,,,,,,,,,,,,,,,,,,,,,,failed_to_load_data
65,PEAQ,TRAILING_LONG,2024-11-19 09:50:29+00:00,2349.5386489183775,2302.54787594001,2349.5386489183775,8615.83662969702,0.2727,2024-11-19T09:55:00+00:00,0.267246,2024-11-19T10:00:00+00:00,stop_loss,15.0,15.0,0.0,2.0,5.0,0.2744,0.62,0.2727,0.08,5.0,-2.0,-46.99,1.0,2.0,576.0,[],
66,LUCE,,2024-11-19 09:55:02+00:00,,,,,,,,,,,,,,,,,,,,,,,,,,failed_to_load_data
67,OL,TRAILING_LONG,2024-11-21 10:26:54+00:00,2302.54787594001,2434.4828160730976,2302.54787594001,21493.026005227384,0.10713,2024-11-21T10:30:00+00:00,0.1132685,2024-11-21T10:40:00+00:00,trailing_stop,15.0,15.0,0.0,2.0,5.0,0.11923,11.29,0.1132685,0.17,10.0,5.73,131.93,1.0,3.0,576.0,[],
68,CHILLGUY,TRAILING_LONG,2024-11-21 10:28:54+00:00,2434.4828160730976,2385.7931597516354,2434.4828160730976,5943.561562678461,0.4096,2024-11-21T10:30:00+00:00,0.401408,2024-11-21T10:35:00+00:00,stop_loss,15.0,15.0,0.0,2.0,5.0,0.4199,2.51,0.4096,0.08,5.0,-2.0,-48.69,1.0,2.0,576.0,[],
69,MORPHO,TRAILING_LONG,2024-11-22 09:11:06+00:00,2385.7931597516354,2385.7931597516354,2385.7931597516354,2135.3201107595414,1.1173,2024-11-22T09:15:00+00:00,1.1173,2024-11-22T09:20:00+00:00,trailing_stop,15.0,15.0,0.0,2.0,5.0,1.1325,1.36,1.1173,0.08,5.0,0.0,0.0,1.0,2.0,576.0,[],
70,ZRC,,2024-11-25 10:47:09+00:00,,,,,,,,,,,,,,,,,,,,,,,,,,failed_to_load_data
71,CHEEMS,,2024-11-25 11:22:11+00:00,,,,,,,,,,,,,,,,,,,,,,,,,,failed_to_load_data
72,THE,,2024-11-27 09:39:44+00:00,,,,,,,,,,,,,,,,,,,,,,,,,,failed_to_load_data
73,BILLY,,2024-11-27 09:42:30+00:00,,,,,,,,,,,,,,,,,,,,,,,,,,failed_to_load_data
74,MVL,TRAILING_LONG,2024-11-29 08:50:10+00:00,2385.7931597516354,2385.7931597516354,2385.7931597516354,375006.78399114043,0.006362,2024-11-29T08:55:00+00:00,0.006362,2024-11-29T09:00:00+00:00,trailing_stop,15.0,15.0,0.0,2.0,5.0,0.006385,0.36,0.006362,0.08,5.0,0.0,0.0,1.0,2.0,576.0,[],
75,COOK,TRAILING_LONG,2024-12-02 09:20:03+00:00,2385.7931597516354,2385.7931597516354,2385.7931597516354,96162.56186020296,0.02481,2024-12-02T09:25:00+00:00,0.02481,2024-12-02T09:30:00+00:00,trailing_stop,15.0,15.0,0.0,2.0,5.0,0.02553,2.9,0.02481,0.08,5.0,0.0,0.0,1.0,2.0,576.0,[],
76,GEMS,,2024-12-04 10:36:12+00:00,,,,,,,,,,,,,,,,,,,,,,,,,,failed_to_load_data
77,TOSHI,,2024-12-05 10:10:04+00:00,,,,,,,,,,,,,,,,,,,,,,,,,,failed_to_load_data
78,XION,,2024-12-05 10:50:05+00:00,,,,,,,,,,,,,,,,,,,,,,,,,,failed_to_load_data
79,F,TRAILING_LONG,2024-12-06 10:41:04+00:00,2385.7931597516354,2505.3279094932277,2385.7931597516354,23342.07181050421,0.10221,2024-12-06T10:45:00+00:00,0.107331,2024-12-06T10:50:00+00:00,trailing_stop,15.0,15.0,0.0,2.0,5.0,0.11298,10.54,0.107331,0.08,5.0,5.01,119.53,1.0,2.0,576.0,[],
80,ACX,TRAILING_LONG,2024-12-06 10:43:06+00:00,2505.3279094932277,2505.3279094932277,2505.3279094932277,1770.2995403428686,1.4152,2024-12-06T10:45:00+00:00,1.4152,2024-12-06T10:50:00+00:00,trailing_stop,15.0,15.0,0.0,2.0,5.0,1.4374,1.57,1.4152,0.08,5.0,0.0,0.0,1.0,2.0,576.0,[],
81,MOVE,TRAILING_LONG,2024-12-09 12:31:04+00:00,2505.3279094932277,2455.221351303363,2505.3279094932277,3644.1133228992403,0.6875,2024-12-09T12:35:00+00:00,0.67375,2024-12-09T12:40:00+00:00,stop_loss,15.0,15.0,0.0,2.0,5.0,0.6875,0.0,0.6875,0.08,5.0,-2.0,-50.11,1.0,2.0,576.0,[],
82,GIGA,TRAILING_LONG,2024-12-12 09:51:27+00:00,2455.221351303363,2455.221351303363,2455.221351303363,35175.090992884856,0.0698,2024-12-12T09:55:00+00:00,0.0698,2024-12-12T10:00:00+00:00,trailing_stop,15.0,15.0,0.0,2.0,5.0,0.07204,3.21,0.0698,0.08,5.0,0.0,0.0,1.0,2.0,576.0,[],
83,URO,,2024-12-13 10:13:05+00:00,,,,,,,,,,,,,,,,,,,,,,,,,,failed_to_load_data
84,VELODROME,,2024-12-13 10:14:26+00:00,,,,,,,,,,,,,,,,,,,,,,,,,,failed_to_load_data
85,SEND,TRAILING_LONG,2024-12-13 10:16:09+00:00,2455.221351303363,2455.221351303363,2455.221351303363,915.3076913597387,2.6824,2024-12-13T10:20:00+00:00,2.6824,2024-12-13T10:30:00+00:00,trailing_stop,15.0,15.0,0.0,2.0,5.0,2.7397,2.14,2.6824,0.17,10.0,0.0,0.0,1.0,3.0,576.0,[],
86,AVA,TRAILING_LONG,2024-12-16 10:40:05+00:00,2455.221351303363,2406.1169242772953,2455.221351303363,1061.6255248425489,2.3127,2024-12-16T10:45:00+00:00,2.2664459999999997,2024-12-16T10:55:00+00:00,stop_loss,15.0,15.0,0.0,2.0,5.0,2.3127,0.0,2.3127,0.17,10.0,-2.0,-49.1,1.0,3.0,576.0,[],
87,VANA,,2024-12-16 12:10:06+00:00,,,,,,,,,,,,,,,,,,,,,,,,,,failed_to_load_data
88,PENGU,TRAILING_LONG,2024-12-17 14:52:04+00:00,2406.1169242772953,2357.994585791749,2406.1169242772953,59823.89170256826,0.04022,2024-12-17T14:55:00+00:00,0.039415599999999995,2024-12-17T15:00:00+00:00,stop_loss,15.0,15.0,0.0,2.0,5.0,0.04022,0.0,0.04022,0.08,5.0,-2.0,-48.12,1.0,2.0,576.0,[],
89,BLUE,,2024-12-18 09:07:04+00:00,,,,,,,,,,,,,,,,,,,,,,,,,,failed_to_load_data
90,AIXBT,TRAILING_LONG,2024-12-20 09:07:07+00:00,2357.994585791749,2357.994585791749,2357.994585791749,9870.215930480323,0.2389,2024-12-20T09:10:00+00:00,0.2389,2024-12-20T09:15:00+00:00,trailing_stop,15.0,15.0,0.0,2.0,5.0,0.2395,0.25,0.2389,0.08,5.0,0.0,0.0,1.0,2.0,576.0,[],
91,NS,TRAILING_LONG,2024-12-20 09:08:09+00:00,2357.994585791749,2357.994585791749,2357.994585791749,11644.417707613575,0.2025,2024-12-20T09:10:00+00:00,0.2025,2024-12-20T09:15:00+00:00,trailing_stop,15.0,15.0,0.0,2.0,5.0,0.2044,0.94,0.2025,0.08,5.0,0.0,0.0,1.0,2.0,576.0,[],
92,GRIFFAIN,TRAILING_LONG,2024-12-20 09:09:11+00:00,2357.994585791749,2310.8346940759143,2357.994585791749,13986.562582547893,0.16859,2024-12-20T09:10:00+00:00,0.16521819999999998,2024-12-20T09:15:00+00:00,stop_loss,15.0,15.0,0.0,2.0,5.0,0.16938,0.47,0.16859,0.08,5.0,-2.0,-47.16,1.0,2.0,576.0,[],
93,FARTCOIN,TRAILING_LONG,2024-12-20 09:24:25+00:00,2310.8346940759143,2264.618000194396,2310.8346940759143,2273.548498697279,1.0164,2024-12-20T09:25:00+00:00,0.996072,2024-12-20T09:30:00+00:00,stop_loss,15.0,15.0,0.0,2.0,5.0,1.0164,0.0,1.0164,0.08,5.0,-2.0,-46.22,1.0,2.0,576.0,[],
94,ZENT,,2024-12-23 09:37:51+00:00,,,,,,,,,,,,,,,,,,,,,,,,,,failed_to_load_data
95,HIVE,TRAILING_LONG,2024-12-23 11:01:55+00:00,2264.618000194396,2264.618000194396,2264.618000194396,6185.790768080841,0.3661,2024-12-23T11:05:00+00:00,0.3661,2024-12-23T11:10:00+00:00,trailing_stop,15.0,15.0,0.0,2.0,5.0,0.3668,0.19,0.3661,0.08,5.0,0.0,0.0,1.0,2.0,576.0,[],
96,SOLO,TRAILING_LONG,2024-12-25 09:02:01+00:00,2264.618000194396,2555.2143777806864,2264.618000194396,5728.8590948504825,0.3953,2024-12-26T10:00:00+00:00,0.44602499999999995,2024-12-26T11:00:00+00:00,trailing_stop,15.0,25.0,1.0,2.0,5.0,0.4695,18.77,0.44602499999999995,1.0,60.0,12.83,290.6,1.0,13.0,277.0,"[{'time': '2024-12-26T10:20:00+00:00', 'price': 0.4515, 'action': 'target_extended', 'old_target': 15.0, 'new_target': 25.0, 'current_profit': 14.217050341512783}]",
97,AI16Z,TRAILING_LONG,2024-12-30 08:30:44+00:00,2555.2143777806864,2555.2143777806864,2555.2143777806864,1938.5588178292135,1.3181,2024-12-30T08:35:00+00:00,1.3181,2024-12-30T08:40:00+00:00,trailing_stop,15.0,15.0,0.0,2.0,5.0,1.3415,1.78,1.3181,0.08,5.0,0.0,0.0,1.0,2.0,576.0,[],
98,ZEREBRO,,2024-12-30 08:31:44+00:00,,,,,,,,,,,,,,,,,,,,,,,,,,failed_to_load_data
99,FUEL,TRAILING_LONG,2024-12-31 13:13:19+00:00,2555.2143777806864,2504.1100902250723,2555.2143777806864,35563.17853556975,0.07185,2024-12-31T13:15:00+00:00,0.07041299999999999,2024-12-31T13:20:00+00:00,stop_loss,15.0,15.0,0.0,2.0,5.0,0.07185,0.0,0.07185,0.08,5.0,-2.0,-51.1,1.0,2.0,576.0,[],
100,ARC,TRAILING_LONG,2025-01-03 09:09:05+00:00,2504.1100902250723,2504.1100902250723,2504.1100902250723,7582.238509734973,0.33026,2025-01-03T09:10:00+00:00,0.33026,2025-01-03T09:15:00+00:00,trailing_stop,15.0,15.0,0.0,2.0,5.0,0.33299,0.83,0.33026,0.08,5.0,0.0,0.0,1.0,2.0,576.0,[],
101,SWARMS,TRAILING_LONG,2025-01-06 09:01:54+00:00,2504.1100902250723,2504.1100902250723,2504.1100902250723,7297.208562259798,0.34316,2025-01-06T09:05:00+00:00,0.34316,2025-01-06T09:15:00+00:00,trailing_stop,15.0,15.0,0.0,2.0,5.0,0.35341,2.99,0.34316,0.17,10.0,0.0,0.0,1.0,3.0,576.0,[],
102,COOKIE,TRAILING_LONG,2025-01-07 08:03:00+00:00,2504.1100902250723,2879.726603758833,2504.1100902250723,4568.710254013998,0.5481,2025-01-07T08:05:00+00:00,0.630315,2025-01-07T08:55:00+00:00,profit_target,15.0,15.0,0.0,2.0,5.0,0.6922,26.29,0.65759,0.83,50.0,15.0,375.62,1.0,11.0,576.0,[],
103,ALCH,TRAILING_LONG,2025-01-07 08:05:00+00:00,2879.726603758833,3311.6855943226574,2879.726603758833,16893.855472010047,0.17046,2025-01-07T08:05:00+00:00,0.19602899999999998,2025-01-07T08:55:00+00:00,profit_target,15.0,15.0,0.0,2.0,5.0,0.21255,24.69,0.20192249999999998,0.83,50.0,15.0,431.96,1.0,11.0,577.0,[],
104,SONIC,TRAILING_LONG,2025-01-07 12:55:14+00:00,3311.6855943226574,3373.6532241303785,3311.6855943226574,4129.798720941087,0.8019,2025-01-07T13:00:00+00:00,0.816905,2025-01-07T13:05:00+00:00,trailing_stop,15.0,15.0,0.0,2.0,5.0,0.8599,7.23,0.816905,0.08,5.0,1.87,61.97,1.0,2.0,576.0,[],
105,AVAAI,TRAILING_LONG,2025-01-08 08:01:08+00:00,3373.6532241303785,3879.701207749935,3373.6532241303785,18403.083264948604,0.18332,2025-01-08T10:00:00+00:00,0.210818,2025-01-08T10:05:00+00:00,profit_target,15.0,15.0,0.0,2.0,5.0,0.21375,16.6,0.20306249999999998,0.08,5.0,15.0,506.05,1.0,2.0,553.0,[],
106,REX,TRAILING_LONG,2025-01-09 08:02:19+00:00,3879.701207749935,4461.6563889124245,3879.701207749935,90710.80682136859,0.04277,2025-01-09T10:00:00+00:00,0.0491855,2025-01-09T10:05:00+00:00,profit_target,15.0,15.0,0.0,2.0,5.0,0.05372,25.6,0.051033999999999996,0.08,5.0,15.0,581.96,1.0,2.0,553.0,[],
107,FLOCK,TRAILING_LONG,2025-01-09 08:02:19+00:00,4461.6563889124245,4803.445790133999,4461.6563889124245,14259.048861976427,0.3129,2025-01-09T10:00:00+00:00,0.33687,2025-01-09T10:15:00+00:00,trailing_stop,15.0,25.0,1.0,2.0,5.0,0.3546,13.33,0.33687,0.25,15.0,7.66,341.79,1.0,4.0,553.0,"[{'time': '2025-01-09T10:15:00+00:00', 'price': 0.3546, 'action': 'target_extended', 'old_target': 15.0, 'new_target': 25.0, 'current_profit': 13.326941514860982}]",
108,CGPT,TRAILING_LONG,2025-01-10 11:04:35+00:00,4803.445790133999,4803.445790133999,4803.445790133999,14348.06676066073,0.33478,2025-01-10T11:05:00+00:00,0.33478,2025-01-10T11:10:00+00:00,trailing_stop,15.0,15.0,0.0,2.0,5.0,0.33663,0.55,0.33478,0.08,5.0,0.0,0.0,1.0,2.0,576.0,[],
109,ALU,TRAILING_LONG,2025-01-14 08:02:04+00:00,4803.445790133999,5190.341964172069,4803.445790133999,30902.25032252959,0.15544,2025-01-14T10:00:00+00:00,0.16796,2025-01-14T10:10:00+00:00,trailing_stop,15.0,25.0,1.0,2.0,5.0,0.1768,13.74,0.16796,0.17,10.0,8.05,386.9,1.0,3.0,553.0,"[{'time': '2025-01-14T10:05:00+00:00', 'price': 0.17576, 'action': 'target_extended', 'old_target': 15.0, 'new_target': 25.0, 'current_profit': 13.072568193515185}]",
110,S,TRAILING_LONG,2025-01-15 09:04:58+00:00,5190.341964172069,5190.341964172069,5190.341964172069,7167.990559552644,0.7241,2025-01-15T09:10:00+00:00,0.7241,2025-01-15T09:15:00+00:00,trailing_stop,15.0,15.0,0.0,2.0,5.0,0.751,3.71,0.7241,0.08,5.0,0.0,0.0,1.0,2.0,575.0,[],
111,VR,,2025-01-16 09:56:38+00:00,,,,,,,,,,,,,,,,,,,,,,,,,,failed_to_load_data
112,DUCK,TRAILING_LONG,2025-01-16 10:38:28+00:00,5190.341964172069,5190.341964172069,5190.341964172069,424985.0130330033,0.012213,2025-01-16T10:45:00+00:00,0.012213,2025-01-16T10:50:00+00:00,trailing_stop,15.0,15.0,0.0,2.0,5.0,0.012431,1.78,0.012213,0.08,5.0,0.0,0.0,1.0,2.0,575.0,[],
113,W,,2025-01-17 08:00:01+00:00,,,,,,,,,,,,,,,,,,,,,,,,,,failed_to_load_data
114,PIPPIN,TRAILING_LONG,2025-01-17 09:37:28+00:00,5190.341964172069,5190.341964172069,5190.341964172069,28661.670794478265,0.18109,2025-01-17T09:40:00+00:00,0.18109,2025-01-17T09:45:00+00:00,trailing_stop,15.0,15.0,0.0,2.0,5.0,0.18932,4.54,0.18109,0.08,5.0,0.0,0.0,1.0,2.0,576.0,[],
115,SOLV,TRAILING_LONG,2025-01-17 10:32:19+00:00,5190.341964172069,5493.366027745061,5190.341964172069,35457.999481978884,0.14638,2025-01-17T10:35:00+00:00,0.154926,2025-01-17T10:40:00+00:00,trailing_stop,15.0,15.0,0.0,2.0,5.0,0.16308,11.41,0.154926,0.08,5.0,5.84,303.02,1.0,2.0,576.0,[],
116,NC,TRAILING_LONG,2025-01-17 10:40:04+00:00,5493.366027745061,5624.112589011476,5493.366027745061,26806.060741448597,0.20493,2025-01-17T10:45:00+00:00,0.20980749999999998,2025-01-17T10:55:00+00:00,trailing_stop,15.0,15.0,0.0,2.0,5.0,0.22085,7.77,0.20980749999999998,0.17,10.0,2.38,130.75,1.0,3.0,576.0,[],
117,TRUMP,,2025-01-18 13:27:44+00:00,,,,,,,,,,,,,,,,,,,,,,,,,,failed_to_load_data
118,MELANIA,TRAILING_LONG,2025-01-20 05:22:08+00:00,5624.112589011476,5511.630337231247,5624.112589011476,521.8625395760859,10.777,2025-01-20T05:25:00+00:00,10.561459999999999,2025-01-20T05:30:00+00:00,stop_loss,15.0,25.0,1.0,2.0,5.0,12.246,13.63,11.6337,0.08,5.0,-2.0,-112.48,1.0,2.0,576.0,"[{'time': '2025-01-20T05:30:00+00:00', 'price': 12.246, 'action': 'target_extended', 'old_target': 15.0, 'new_target': 25.0, 'current_profit': 13.630880579010867}]",
119,WAXP,,2025-01-22 09:00:02+00:00,,,,,,,,,,,,,,,,,,,,,,,,,,failed_to_load_data
120,BUZZ,,2025-01-22 09:58:37+00:00,,,,,,,,,,,,,,,,,,,,,,,,,,failed_to_load_data
121,J,TRAILING_LONG,2025-01-22 12:03:55+00:00,5511.630337231247,5511.630337231247,5511.630337231247,8294.402313365308,0.6645,2025-01-22T12:05:00+00:00,0.6645,2025-01-22T12:10:00+00:00,trailing_stop,15.0,15.0,0.0,2.0,5.0,0.6847,3.04,0.6645,0.08,5.0,0.0,0.0,1.0,2.0,576.0,[],
122,VINE,,2025-01-23 11:52:59+00:00,,,,,,,,,,,,,,,,,,,,,,,,,,failed_to_load_data
123,ANIME,TRAILING_LONG,2025-01-23 14:28:08+00:00,5511.630337231247,5401.397730486622,5511.630337231247,55870.5558766472,0.09865,2025-01-23T14:30:00+00:00,0.096677,2025-01-23T14:35:00+00:00,stop_loss,15.0,15.0,0.0,2.0,5.0,0.1,1.37,0.09865,0.08,5.0,-2.0,-110.23,1.0,2.0,576.0,[],
124,PLUME,TRAILING_LONG,2025-01-24 09:24:35+00:00,5401.397730486622,5401.397730486622,5401.397730486622,40857.774058143885,0.1322,2025-01-24T09:25:00+00:00,0.1322,2025-01-24T09:30:00+00:00,trailing_stop,15.0,15.0,0.0,2.0,5.0,0.13498,2.1,0.1322,0.08,5.0,0.0,0.0,1.0,2.0,576.0,[],
125,MICHI,TRAILING_LONG,2025-01-26 09:31:55+00:00,5401.397730486622,5293.3697758768885,5401.397730486622,59005.87426793339,0.09154,2025-01-27T10:00:00+00:00,0.08970919999999999,2025-01-27T10:05:00+00:00,stop_loss,15.0,15.0,0.0,2.0,5.0,0.09154,0.0,0.09154,0.08,5.0,-2.0,-108.03,1.0,2.0,283.0,[],
126,VVV,,2025-01-28 04:49:58+00:00,,,,,,,,,,,,,,,,,,,,,,,,,,failed_to_load_data
127,BERA,TRAILING_LONG,2025-02-05 12:51:42+00:00,5293.3697758768885,5187.50238035935,5293.3697758768885,458.0624589716934,11.556,2025-02-06T13:35:00+00:00,11.324879999999999,2025-02-06T13:40:00+00:00,stop_loss,15.0,15.0,0.0,2.0,5.0,12.41,7.39,11.7895,0.08,5.0,-2.0,-105.87,1.0,2.0,576.0,[],
128,BERA,TRAILING_LONG,2025-02-06 13:32:18+00:00,5187.50238035935,5083.752332752163,5187.50238035935,448.9012097922595,11.556,2025-02-06T13:35:00+00:00,11.324879999999999,2025-02-06T13:40:00+00:00,stop_loss,15.0,15.0,0.0,2.0,5.0,12.41,7.39,11.7895,0.08,5.0,-2.0,-103.75,1.0,2.0,576.0,[],
129,TSTBSC,,2025-02-09 11:37:29+00:00,,,,,,,,,,,,,,,,,,,,,,,,,,failed_to_load_data
130,ELON,,2025-02-10 09:49:08+00:00,,,,,,,,,,,,,,,,,,,,,,,,,,failed_to_load_data
131,XDC,,2025-02-10 10:01:23+00:00,,,,,,,,,,,,,,,,,,,,,,,,,,failed_to_load_data
132,SOLAYER,TRAILING_LONG,2025-02-11 14:22:19+00:00,5083.752332752163,4982.077286097119,5083.752332752163,4979.189356270484,1.021,2025-02-11T14:50:00+00:00,1.0005799999999998,2025-02-11T14:55:00+00:00,stop_loss,15.0,15.0,0.0,2.0,5.0,1.021,0.0,1.021,0.08,5.0,-2.0,-101.68,1.0,2.0,571.0,[],
133,B3,TRAILING_LONG,2025-02-12 10:33:27+00:00,4982.077286097119,4882.4357403751765,4982.077286097119,414378.88098620303,0.012023,2025-02-12T10:35:00+00:00,0.011782540000000001,2025-02-12T10:40:00+00:00,stop_loss,15.0,15.0,0.0,2.0,5.0,0.012079,0.47,0.012023,0.08,5.0,-2.0,-99.64,1.0,2.0,576.0,[],
134,RONIN,TRAILING_LONG,2025-02-13 07:37:49+00:00,4882.4357403751765,4882.4357403751765,4882.4357403751765,3980.78739533239,1.2265,2025-02-13T07:40:00+00:00,1.2265,2025-02-13T07:45:00+00:00,trailing_stop,15.0,15.0,0.0,2.0,5.0,1.2303,0.31,1.2265,0.08,5.0,0.0,0.0,1.0,2.0,576.0,[],
135,IP,TRAILING_LONG,2025-02-13 09:35:25+00:00,4882.4357403751765,4784.787025567673,4882.4357403751765,2009.2328149692082,2.43,2025-02-13T09:40:00+00:00,2.3814,2025-02-13T09:45:00+00:00,stop_loss,15.0,15.0,0.0,2.0,5.0,2.43,0.0,2.43,0.08,5.0,-2.0,-97.65,1.0,2.0,576.0,[],
136,HEI,TRAILING_LONG,2025-02-14 09:53:44+00:00,4784.787025567673,4784.787025567673,4784.787025567673,5983.227492269192,0.7997,2025-02-14T09:55:00+00:00,0.7997,2025-02-14T10:00:00+00:00,trailing_stop,15.0,15.0,0.0,2.0,5.0,0.8144,1.84,0.7997,0.08,5.0,0.0,0.0,1.0,2.0,576.0,[],
137,JAILSTOOL,,2025-02-14 10:28:20+00:00,,,,,,,,,,,,,,,,,,,,,,,,,,failed_to_load_data
138,BROCCOLI,TRAILING_LONG,2025-02-14 12:29:59+00:00,4784.787025567673,5502.505079402823,4784.787025567673,31007.627668768535,0.15431,2025-02-14T12:35:00+00:00,0.1774565,2025-02-14T12:40:00+00:00,profit_target,15.0,15.0,0.0,2.0,5.0,0.1795,16.32,0.17052499999999998,0.08,5.0,15.0,717.72,1.0,2.0,575.0,[],
139,SHELL,TRAILING_LONG,2025-02-17 08:24:19+00:00,5502.505079402823,5392.454977814766,5502.505079402823,9436.640506607484,0.5831,2025-02-17T08:30:00+00:00,0.5714379999999999,2025-02-17T08:35:00+00:00,stop_loss,15.0,15.0,0.0,2.0,5.0,0.5831,0.0,0.5831,0.08,5.0,-2.0,-110.05,1.0,2.0,575.0,[],
140,GPS,TRAILING_LONG,2025-02-18 08:29:30+00:00,5392.454977814766,5284.6058782584705,5392.454977814766,46768.90700619918,0.1153,2025-02-18T08:35:00+00:00,0.112994,2025-02-18T08:40:00+00:00,stop_loss,15.0,15.0,0.0,2.0,5.0,0.1153,0.0,0.1153,0.08,5.0,-2.0,-107.85,1.0,2.0,575.0,[],
141,AVL,TRAILING_LONG,2025-02-20 10:57:00+00:00,5284.6058782584705,5178.913760693301,5284.6058782584705,17146.67708714624,0.3082,2025-02-20T11:00:00+00:00,0.30203599999999997,2025-02-20T11:05:00+00:00,stop_loss,15.0,15.0,0.0,2.0,5.0,0.3082,0.0,0.3082,0.08,5.0,-2.0,-105.69,1.0,2.0,576.0,[],
142,KAITO,TRAILING_LONG,2025-02-20 13:35:09+00:00,5178.913760693301,5187.046949515014,5178.913760693301,4701.2652148632005,1.1016,2025-02-20T13:40:00+00:00,1.10333,2025-02-20T13:55:00+00:00,trailing_stop,15.0,15.0,0.0,2.0,5.0,1.1614,5.43,1.10333,0.25,15.0,0.16,8.13,1.0,4.0,576.0,[],
143,CPOOL,TRAILING_LONG,2025-03-06 10:26:08+00:00,5187.046949515014,5083.306010524713,5187.046949515014,29485.260058634685,0.17592,2025-03-06T10:30:00+00:00,0.1724016,2025-03-06T10:35:00+00:00,stop_loss,15.0,15.0,0.0,2.0,5.0,0.17592,0.0,0.17592,0.08,5.0,-2.0,-103.74,1.0,2.0,576.0,[],
144,XTER,,2025-03-06 10:36:49+00:00,,,,,,,,,,,,,,,,,,,,,,,,,,failed_to_load_data
145,RED,TRAILING_LONG,2025-03-06 13:35:25+00:00,5083.306010524713,4981.639890314219,5083.306010524713,7110.513373233618,0.7149,2025-03-06T13:40:00+00:00,0.700602,2025-03-06T13:45:00+00:00,stop_loss,15.0,15.0,0.0,2.0,5.0,0.7255,1.48,0.7149,0.08,5.0,-2.0,-101.67,1.0,2.0,576.0,[],
146,ROAM,TRAILING_LONG,2025-03-07 07:30:30+00:00,4981.639890314219,4981.639890314219,4981.639890314219,13753.837355919984,0.3622,2025-03-07T10:00:00+00:00,0.3622,2025-03-07T10:05:00+00:00,trailing_stop,15.0,15.0,0.0,2.0,5.0,0.3678,1.55,0.3622,0.08,5.0,0.0,0.0,1.0,2.0,547.0,[],
147,SERAPH,TRAILING_LONG,2025-03-11 08:25:47+00:00,4981.639890314219,4981.639890314219,4981.639890314219,34266.33574297853,0.14538,2025-03-11T08:30:00+00:00,0.14538,2025-03-11T08:35:00+00:00,trailing_stop,15.0,15.0,0.0,2.0,5.0,0.14731,1.33,0.14538,0.08,5.0,0.0,0.0,1.0,2.0,576.0,[],
148,ELX,TRAILING_LONG,2025-03-12 07:02:01+00:00,4981.639890314219,4882.007092507934,4981.639890314219,9479.809496316308,0.5255,2025-03-12T10:00:00+00:00,0.51499,2025-03-12T10:05:00+00:00,stop_loss,15.0,15.0,0.0,2.0,5.0,0.536,2.0,0.5255,0.08,5.0,-2.0,-99.63,1.0,2.0,541.0,[],
149,BMT,TRAILING_LONG,2025-03-13 08:40:18+00:00,4882.007092507934,4784.366950657775,4882.007092507934,58628.642878683015,0.08327,2025-03-13T08:50:00+00:00,0.0816046,2025-03-13T08:55:00+00:00,stop_loss,15.0,15.0,0.0,2.0,5.0,0.08327,0.0,0.08327,0.08,5.0,-2.0,-97.64,1.0,2.0,575.0,[],
150,VIC,,2025-03-13 08:55:59+00:00,,,,,,,,,,,,,,,,,,,,,,,,,,failed_to_load_data
151,EPIC,TRAILING_LONG,2025-03-14 08:25:47+00:00,4784.366950657775,4784.366950657775,4784.366950657775,3158.6234572243848,1.5147,2025-03-14T08:30:00+00:00,1.5147,2025-03-14T08:35:00+00:00,trailing_stop,15.0,15.0,0.0,2.0,5.0,1.5903,4.99,1.5147,0.08,5.0,0.0,0.0,1.0,2.0,576.0,[],
152,MUBARAK,TRAILING_LONG,2025-03-17 07:59:49+00:00,4784.366950657775,4688.679611644619,4784.366950657775,38733.54072747551,0.12352,2025-03-17T08:05:00+00:00,0.12104960000000001,2025-03-17T08:15:00+00:00,stop_loss,15.0,15.0,0.0,2.0,5.0,0.12981,5.09,0.12352,0.17,10.0,-2.0,-95.69,1.0,3.0,575.0,[],
153,FORM,TRAILING_LONG,2025-03-19 10:03:48+00:00,4688.679611644619,4594.906019411727,4688.679611644619,2516.1959920814743,1.8634,2025-03-19T10:05:00+00:00,1.8261319999999999,2025-03-19T10:10:00+00:00,stop_loss,15.0,15.0,0.0,2.0,5.0,1.8917,1.52,1.8634,0.08,5.0,-2.0,-93.77,1.0,2.0,576.0,[],
154,TUT,,2025-03-19 10:05:45+00:00,,,,,,,,,,,,,,,,,,,,,,,,,,failed_to_load_data
155,BR,TRAILING_LONG,2025-03-20 13:32:48+00:00,4594.906019411727,4503.007899023492,4594.906019411727,30778.39118100159,0.14929,2025-03-20T13:35:00+00:00,0.1463042,2025-03-20T13:40:00+00:00,stop_loss,15.0,15.0,0.0,2.0,5.0,0.15371,2.96,0.14929,0.08,5.0,-2.0,-91.9,1.0,2.0,576.0,[],
156,SIREN,TRAILING_LONG,2025-03-22 03:25:38+00:00,4503.007899023492,4503.007899023492,4503.007899023492,53208.17557631446,0.08463,2025-03-22T03:30:00+00:00,0.08463,2025-03-22T03:35:00+00:00,trailing_stop,15.0,15.0,0.0,2.0,5.0,0.08653,2.25,0.08463,0.08,5.0,0.0,0.0,1.0,2.0,576.0,[],
157,NIL,TRAILING_LONG,2025-03-24 13:32:34+00:00,4503.007899023492,4412.947741043023,4503.007899023492,5544.210661196124,0.8122,2025-03-24T13:35:00+00:00,0.795956,2025-03-24T13:40:00+00:00,stop_loss,15.0,15.0,0.0,2.0,5.0,0.8122,0.0,0.8122,0.08,5.0,-2.0,-90.06,1.0,2.0,576.0,[],
158,PARTI,TRAILING_LONG,2025-03-25 13:18:28+00:00,4412.947741043023,4413.675950241214,4412.947741043023,13240.167239853054,0.3333,2025-03-25T13:20:00+00:00,0.33335499999999996,2025-03-25T13:30:00+00:00,trailing_stop,15.0,15.0,0.0,2.0,5.0,0.3509,5.28,0.33335499999999996,0.17,10.0,0.02,0.73,1.0,3.0,576.0,[],
159,WAL,,2025-03-27 10:27:33+00:00,,,,,,,,,,,,,,,,,,,,,,,,,,failed_to_load_data
160,BANANAS31,TRAILING_LONG,2025-03-28 09:48:35+00:00,4413.675950241214,4413.675950241214,4413.675950241214,788719.7909651919,0.005596,2025-03-28T09:50:00+00:00,0.005596,2025-03-28T09:55:00+00:00,trailing_stop,15.0,15.0,0.0,2.0,5.0,0.005674,1.39,0.005596,0.08,5.0,0.0,0.0,1.0,2.0,576.0,[],
161,GUN,TRAILING_LONG,2025-03-31 13:21:29+00:00,4413.675950241214,4325.40243123639,4413.675950241214,41493.61615343813,0.10637,2025-03-31T13:25:00+00:00,0.1042426,2025-03-31T13:30:00+00:00,stop_loss,15.0,15.0,0.0,2.0,5.0,0.11045,3.84,0.10637,0.08,5.0,-2.0,-88.27,1.0,2.0,576.0,[],
162,XAUT,,2025-04-03 11:45:33+00:00,,,,,,,,,,,,,,,,,,,,,,,,,,failed_to_load_data
163,MLN,TRAILING_LONG,2025-04-09 08:26:18+00:00,4325.40243123639,4325.40243123639,4325.40243123639,475.78950954090755,9.091,2025-04-09T08:45:00+00:00,9.091,2025-04-09T08:55:00+00:00,trailing_stop,15.0,15.0,0.0,2.0,5.0,9.404,3.44,9.091,0.17,10.0,0.0,0.0,1.0,3.0,573.0,[],
164,BABY,TRAILING_LONG,2025-04-10 10:27:46+00:00,4325.40243123639,4238.894382611662,4325.40243123639,48065.36761013879,0.08999,2025-04-10T10:30:00+00:00,0.0881902,2025-04-10T10:35:00+00:00,stop_loss,15.0,15.0,0.0,2.0,5.0,0.08999,0.0,0.08999,0.08,5.0,-2.0,-86.51,1.0,2.0,576.0,[],
165,PROMPT,TRAILING_LONG,2025-04-10 14:17:46+00:00,4238.894382611662,4154.116494959429,4238.894382611662,25376.522884408896,0.16704,2025-04-10T14:25:00+00:00,0.1636992,2025-04-10T14:30:00+00:00,stop_loss,15.0,15.0,0.0,2.0,5.0,0.17105,2.4,0.16704,0.08,5.0,-2.0,-84.78,1.0,2.0,575.0,[],
166,PUMP,,2025-04-11 08:12:04+00:00,,,,,,,,,,,,,,,,,,,,,,,,,,failed_to_load_data
167,RFC,TRAILING_LONG,2025-04-14 07:48:22+00:00,4154.116494959429,4154.116494959429,4154.116494959429,36060.03901874504,0.1152,2025-04-14T08:00:00+00:00,0.1152,2025-04-14T08:10:00+00:00,trailing_stop,15.0,15.0,0.0,2.0,5.0,0.12063,4.71,0.1152,0.17,10.0,0.0,0.0,1.0,3.0,574.0,[],
168,KERNEL,TRAILING_LONG,2025-04-14 12:25:04+00:00,4154.116494959429,4265.665622569868,4154.116494959429,12264.884838970855,0.3387,2025-04-14T12:30:00+00:00,0.34779499999999997,2025-04-14T12:40:00+00:00,trailing_stop,15.0,15.0,0.0,2.0,5.0,0.3661,8.09,0.34779499999999997,0.17,10.0,2.69,111.55,1.0,3.0,576.0,[],
169,WCT,,2025-04-15 11:47:11+00:00,,,,,,,,,,,,,,,,,,,,,,,,,,failed_to_load_data
170,FHE,TRAILING_LONG,2025-04-16 10:29:24+00:00,4265.665622569868,4265.665622569868,4265.665622569868,66165.12521436122,0.06447,2025-04-16T10:45:00+00:00,0.06447,2025-04-16T10:55:00+00:00,trailing_stop,15.0,15.0,0.0,2.0,5.0,0.06548,1.57,0.06447,0.17,10.0,0.0,0.0,1.0,3.0,573.0,[],
171,STO,TRAILING_LONG,2025-04-16 10:31:21+00:00,4265.665622569868,4370.918509761448,4265.665622569868,41767.01872681747,0.10213,2025-04-16T10:45:00+00:00,0.10465,2025-04-16T11:45:00+00:00,time_limit,15.0,15.0,0.0,2.0,5.0,0.10608,3.87,0.10213,1.0,60.0,2.47,105.25,1.0,13.0,574.0,[],
172,EPT,TRAILING_LONG,2025-04-21 12:43:24+00:00,4370.918509761448,4283.500139566219,4370.918509761448,224034.77753774723,0.01951,2025-04-21T12:50:00+00:00,0.0191198,2025-04-21T12:55:00+00:00,stop_loss,15.0,15.0,0.0,2.0,5.0,0.01951,0.0,0.01951,0.08,5.0,-2.0,-87.42,1.0,2.0,575.0,[],
173,HYPER,TRAILING_LONG,2025-04-22 12:16:36+00:00,4283.500139566219,4197.8301367748945,4283.500139566219,17781.23760716571,0.2409,2025-04-22T12:25:00+00:00,0.236082,2025-04-22T12:30:00+00:00,stop_loss,15.0,15.0,0.0,2.0,5.0,0.2573,6.81,0.24443499999999996,0.08,5.0,-2.0,-85.67,1.0,2.0,575.0,[],
174,INIT,TRAILING_LONG,2025-04-24 11:23:20+00:00,4197.8301367748945,4113.873534039397,4197.8301367748945,6282.295924535909,0.6682,2025-04-24T11:25:00+00:00,0.654836,2025-04-24T11:30:00+00:00,stop_loss,15.0,15.0,0.0,2.0,5.0,0.6687,0.07,0.6682,0.08,5.0,-2.0,-83.96,1.0,2.0,576.0,[],
175,OBT,TRAILING_LONG,2025-04-25 10:48:35+00:00,4113.873534039397,4113.873534039397,4113.873534039397,309313.79955183435,0.0133,2025-04-25T11:00:00+00:00,0.0133,2025-04-25T11:05:00+00:00,trailing_stop,15.0,15.0,0.0,2.0,5.0,0.01337,0.53,0.0133,0.08,5.0,0.0,0.0,1.0,2.0,574.0,[],
176,ZORA,,2025-04-25 11:08:11+00:00,,,,,,,,,,,,,,,,,,,,,,,,,,failed_to_load_data
177,DARK,TRAILING_LONG,2025-04-27 07:05:05+00:00,4113.873534039397,4031.596063358609,4113.873534039397,118112.93522938262,0.03483,2025-04-27T07:10:00+00:00,0.0341334,2025-04-27T07:15:00+00:00,stop_loss,15.0,15.0,0.0,2.0,5.0,0.03483,0.0,0.03483,0.08,5.0,-2.0,-82.28,1.0,2.0,576.0,[],
178,CLANKER,TRAILING_LONG,2025-04-28 10:43:56+00:00,4031.596063358609,3950.964142091437,4031.596063358609,95.71690558781124,42.12,2025-04-28T10:50:00+00:00,41.2776,2025-04-28T10:55:00+00:00,stop_loss,15.0,15.0,0.0,2.0,5.0,42.12,0.0,42.12,0.08,5.0,-2.0,-80.63,1.0,2.0,575.0,[],
179,SIGN,TRAILING_LONG,2025-04-28 11:17:06+00:00,3950.964142091437,3871.9448592496083,3950.964142091437,51052.64429631008,0.07739,2025-04-28T11:20:00+00:00,0.0758422,2025-04-28T11:25:00+00:00,stop_loss,15.0,15.0,0.0,2.0,5.0,0.08086,4.48,0.07739,0.08,5.0,-2.0,-79.02,1.0,2.0,576.0,[],
180,PUNDIX,TRAILING_LONG,2025-04-30 11:53:25+00:00,3871.9448592496083,3871.9448592496083,3871.9448592496083,7341.571595088374,0.5274,2025-04-30T12:00:00+00:00,0.5274,2025-04-30T12:05:00+00:00,trailing_stop,15.0,15.0,0.0,2.0,5.0,0.5355,1.54,0.5274,0.08,5.0,0.0,0.0,1.0,2.0,575.0,[],
181,HAEDAL,TRAILING_LONG,2025-04-30 11:56:51+00:00,3871.9448592496083,4452.736588137049,3871.9448592496083,48278.61420510734,0.0802,2025-04-30T12:05:00+00:00,0.09222999999999998,2025-04-30T12:10:00+00:00,profit_target,15.0,15.0,0.0,2.0,5.0,0.09773,21.86,0.0928435,0.08,5.0,15.0,580.79,1.0,2.0,575.0,[],
182,GORK,TRAILING_LONG,2025-05-05 10:32:05+00:00,4452.736588137049,4363.681856374308,4452.736588137049,62856.247715091034,0.07084,2025-05-05T10:35:00+00:00,0.0694232,2025-05-05T10:40:00+00:00,stop_loss,15.0,15.0,0.0,2.0,5.0,0.07272,2.65,0.07084,0.08,5.0,-2.0,-89.05,1.0,2.0,576.0,[],
183,MILK,TRAILING_LONG,2025-05-06 11:29:54+00:00,4363.681856374308,4389.755308130238,4363.681856374308,36213.12743879094,0.1205,2025-05-06T11:40:00+00:00,0.12121999999999998,2025-05-06T12:00:00+00:00,trailing_stop,15.0,15.0,0.0,2.0,5.0,0.1276,5.89,0.12121999999999998,0.33,20.0,0.6,26.07,1.0,5.0,574.0,[],
184,OBOL,TRAILING_LONG,2025-05-07 11:34:45+00:00,4389.755308130238,4301.960201967633,4389.755308130238,12063.08136336971,0.3639,2025-05-07T11:45:00+00:00,0.356622,2025-05-07T11:50:00+00:00,stop_loss,15.0,15.0,0.0,2.0,5.0,0.3639,0.0,0.3639,0.08,5.0,-2.0,-87.8,1.0,2.0,574.0,[],
185,BANK,TRAILING_LONG,2025-05-08 09:04:26+00:00,4301.960201967633,4301.960201967633,4301.960201967633,77082.24694441199,0.05581,2025-05-08T09:10:00+00:00,0.05581,2025-05-08T09:15:00+00:00,trailing_stop,15.0,15.0,0.0,2.0,5.0,0.05714,2.38,0.05581,0.08,5.0,0.0,0.0,1.0,2.0,575.0,[],
186,SXT,,2025-05-08 13:23:30+00:00,,,,,,,,,,,,,,,,,,,,,,,,,,failed_to_load_data
187,DOOD,TRAILING_LONG,2025-05-09 13:34:06+00:00,4301.960201967633,4485.184195764938,4301.960201967633,589713.5300846653,0.007295,2025-05-09T13:40:00+00:00,0.007605699999999999,2025-05-09T13:45:00+00:00,trailing_stop,15.0,15.0,0.0,2.0,5.0,0.008006,9.75,0.007605699999999999,0.08,5.0,4.26,183.22,1.0,2.0,575.0,[],
188,SKYAI,TRAILING_LONG,2025-05-13 10:25:47+00:00,4485.184195764938,4532.055451108618,4485.184195764938,74517.09911554972,0.06019,2025-05-13T10:35:00+00:00,0.06081899999999999,2025-05-13T11:00:00+00:00,trailing_stop,15.0,15.0,0.0,2.0,5.0,0.06402,6.36,0.06081899999999999,0.42,25.0,1.05,46.87,1.0,6.0,575.0,[],
189,LAUNCHCOIN,TRAILING_LONG,2025-05-14 09:09:57+00:00,4532.055451108618,4551.8497533330055,4532.055451108618,23993.093605318536,0.18889,2025-05-14T10:00:00+00:00,0.18971499999999997,2025-05-14T10:05:00+00:00,trailing_stop,15.0,15.0,0.0,2.0,5.0,0.1997,5.72,0.18971499999999997,0.08,5.0,0.44,19.79,1.0,2.0,566.0,[],
190,NXPC,TRAILING_LONG,2025-05-15 06:25:04+00:00,4551.8497533330055,5234.627216332956,4551.8497533330055,1882.0184211250332,2.4186,2025-05-15T06:30:00+00:00,2.78139,2025-05-15T06:35:00+00:00,profit_target,15.0,15.0,0.0,2.0,5.0,3.1856,31.71,3.0263199999999997,0.08,5.0,15.0,682.78,1.0,2.0,576.0,[],
191,SYRUP,,2025-05-19 07:48:36+00:00,,,,,,,,,,,,,,,,,,,,,,,,,,failed_to_load_data
192,PRAI,TRAILING_LONG,2025-05-19 08:20:17+00:00,5234.627216332956,5234.627216332956,5234.627216332956,65212.747182421284,0.08027,2025-05-19T08:25:00+00:00,0.08027,2025-05-19T08:30:00+00:00,trailing_stop,15.0,15.0,0.0,2.0,5.0,0.08358,4.12,0.08027,0.08,5.0,0.0,0.0,1.0,2.0,576.0,[],
193,SAROS,TRAILING_LONG,2025-05-20 08:18:06+00:00,5234.627216332956,5234.627216332956,5234.627216332956,34413.43249183457,0.15211,2025-05-20T08:20:00+00:00,0.15211,2025-05-20T08:25:00+00:00,trailing_stop,15.0,15.0,0.0,2.0,5.0,0.15438,1.49,0.15211,0.08,5.0,0.0,0.0,1.0,2.0,576.0,[],
194,AWE,TRAILING_LONG,2025-05-22 09:32:46+00:00,5234.627216332956,5234.627216332956,5234.627216332956,76051.53590488095,0.06883,2025-05-22T09:35:00+00:00,0.06883,2025-05-22T09:40:00+00:00,trailing_stop,15.0,15.0,0.0,2.0,5.0,0.06934,0.74,0.06883,0.08,5.0,0.0,0.0,1.0,2.0,576.0,[],
195,B,TRAILING_LONG,2025-05-23 06:18:10+00:00,5234.627216332956,5129.934672006297,5234.627216332956,18227.05253084354,0.28719,2025-05-23T06:20:00+00:00,0.2814462,2025-05-23T06:25:00+00:00,stop_loss,15.0,15.0,0.0,2.0,5.0,0.29045,1.14,0.28719,0.08,5.0,-2.0,-104.69,1.0,2.0,576.0,[],
196,SOON,TRAILING_LONG,2025-05-23 09:03:28+00:00,5129.934672006297,5027.3359785661705,5129.934672006297,9470.065851959198,0.5417,2025-05-23T09:05:00+00:00,0.530866,2025-05-23T09:10:00+00:00,stop_loss,15.0,15.0,0.0,2.0,5.0,0.5417,0.0,0.5417,0.08,5.0,-2.0,-102.6,1.0,2.0,576.0,[],
197,HUMA,TRAILING_LONG,2025-05-26 13:07:28+00:00,5027.3359785661705,5113.863565123205,5027.3359785661705,69333.00204890595,0.07251,2025-05-26T13:10:00+00:00,0.073758,2025-05-26T13:15:00+00:00,trailing_stop,15.0,15.0,0.0,2.0,5.0,0.07764,7.07,0.073758,0.08,5.0,1.72,86.53,1.0,2.0,576.0,[],
198,AGT,TRAILING_LONG,2025-05-28 06:32:38+00:00,5113.863565123205,5239.871006946825,5113.863565123205,147722.67505699937,0.034618,2025-05-28T06:35:00+00:00,0.035471,2025-05-28T07:35:00+00:00,time_limit,15.0,15.0,0.0,2.0,5.0,0.036603,5.73,0.034772849999999994,1.0,60.0,2.46,126.01,1.0,13.0,576.0,[],
199,A,TRAILING_LONG,2025-05-28 08:26:08+00:00,5239.871006946825,5239.871006946825,5239.871006946825,6797.964461529353,0.7708,2025-05-28T08:35:00+00:00,0.7708,2025-05-28T08:40:00+00:00,trailing_stop,15.0,15.0,0.0,2.0,5.0,0.7734,0.34,0.7708,0.08,5.0,0.0,0.0,1.0,2.0,575.0,[],
200,SOPH,TRAILING_LONG,2025-05-28 13:07:59+00:00,5239.871006946825,5135.073586807888,5239.871006946825,71916.97786092266,0.07286,2025-05-28T13:10:00+00:00,0.07140279999999999,2025-05-28T13:15:00+00:00,stop_loss,15.0,15.0,0.0,2.0,5.0,0.07615,4.52,0.07286,0.08,5.0,-2.0,-104.8,1.0,2.0,576.0,[],
201,BDXN,TRAILING_LONG,2025-06-03 10:57:08+00:00,5135.073586807888,5135.073586807888,5135.073586807888,68577.37161869509,0.07488,2025-06-03T11:00:00+00:00,0.07488,2025-06-03T11:10:00+00:00,trailing_stop,15.0,15.0,0.0,2.0,5.0,0.0774,3.37,0.07488,0.17,10.0,0.0,0.0,1.0,3.0,576.0,[],
202,LA,TRAILING_LONG,2025-06-05 05:54:38+00:00,5135.073586807888,5032.37211507173,5135.073586807888,3612.4330543847263,1.4215,2025-06-05T06:00:00+00:00,1.39307,2025-06-05T06:05:00+00:00,stop_loss,15.0,15.0,0.0,2.0,5.0,1.485,4.47,1.4215,0.08,5.0,-2.0,-102.7,1.0,2.0,575.0,[],
203,B2,TRAILING_LONG,2025-06-09 09:22:17+00:00,5032.37211507173,5032.37211507173,5032.37211507173,9013.741922034265,0.5583,2025-06-09T09:25:00+00:00,0.5583,2025-06-09T10:25:00+00:00,trailing_stop,15.0,15.0,0.0,2.0,5.0,0.5712,2.31,0.5583,1.0,60.0,0.0,0.0,1.0,13.0,576.0,[],
204,SKATE,TRAILING_LONG,2025-06-09 10:23:29+00:00,5032.37211507173,4931.724672770296,5032.37211507173,63387.98482266948,0.07939,2025-06-09T10:25:00+00:00,0.0778022,2025-06-09T10:30:00+00:00,stop_loss,15.0,15.0,0.0,2.0,5.0,0.07939,0.0,0.07939,0.08,5.0,-2.0,-100.65,1.0,2.0,576.0,[],
